pid,gt,load,cat,ts,words,wpm,pause_ms,backspaces,after_dark,text
PMUL4FSOP85,1,HighLoad,A,2026-09-28 10:49:25.630000+00:00,6,44.0,46805.0,1.0,0,hoq mANY CREDITS IS EACH COURSE
PMUL4FSOP85,1,HighLoad,A,2026-09-28 10:50:12.790000+00:00,5,6.0,1375.0,0.0,1,add 3 hour in CHEM210
PMUL4FSOP85,1,HighLoad,A,2026-09-28 10:51:08.206000+00:00,16,17.0,8670.0,2.0,1,add 1 hour in stat 150 and 1 hour in HIST240 abd 2 hours in capstone
PMUL4FSOP85,1,HighLoad,A,2026-09-28 10:51:21.998000+00:00,2,16.0,7613.0,0.0,1,add rest
PMUL4FSOP85,1,HighLoad,A,2026-09-28 10:51:41.135000+00:00,4,32.0,13149.0,0.0,1,add 6 hours rest
PMUL4FSOP85,2,LowLoad,A,2026-09-28 10:53:49.095000+00:00,8,62.0,16727.0,0.0,0,how long does the review need to be
PMUL4FSOP85,2,LowLoad,A,2026-09-28 10:54:35.633000+00:00,5,16.0,29909.0,18.0,1,add 4 hours in CHEM210
PMUL4FSOP85,2,LowLoad,A,2026-09-28 10:55:07.529000+00:00,7,26.0,15354.0,5.0,1,add 4 hour in chem210 midterm review
PMUL4FSOP85,2,LowLoad,A,2026-09-28 10:55:30.760000+00:00,7,32.0,11186.0,1.0,1,reduce the hours of chem210 to 6
PMUL4FSOP85,2,LowLoad,A,2026-09-28 10:55:42.859000+00:00,5,64.0,6870.0,0.0,1,check if this schedule works
PMUL4FSOP85,2,LowLoad,A,2026-09-28 10:56:17.114000+00:00,11,47.0,20856.0,1.0,1,what happens if i put in extra hours inn each subject
PMUL4FSOP85,2,LowLoad,A,2026-09-28 10:56:31.168000+00:00,5,68.0,10525.0,0.0,1,i have 20 hours left
PMUL4FSOP85,3,HighLoad,A,2026-09-28 10:58:02.414000+00:00,6,19.0,30959.0,0.0,0,how many hours does  cs reqiure
PMUL4FSOP85,3,HighLoad,A,2026-09-28 10:58:22.763000+00:00,5,16.0,7440.0,0.0,0,add 6 hours on cs
PMUL4FSOP85,3,HighLoad,A,2026-09-28 10:58:38.013000+00:00,3,51.0,10077.0,0.0,1,check other requirment
PMUL4FSOP85,3,HighLoad,A,2026-09-28 10:59:05.990000+00:00,5,28.0,18447.0,0.0,1,reduce stat to 3 hours
PMUL4FSOP85,3,HighLoad,A,2026-09-28 10:59:21.837000+00:00,4,28.0,8592.0,0.0,1,abd capstone to 5
PMUL4FSOP85,4,LowLoad,A,2026-09-28 11:00:25.452000+00:00,5,40.0,9454.0,0.0,0,what is the requirments now
PMUL4FSOP85,4,LowLoad,A,2026-09-28 11:00:47.237000+00:00,5,26.0,10518.0,3.0,1,add 6 hours for capstone
PMUL4FSOP85,4,LowLoad,A,2026-09-28 11:01:05.946000+00:00,9,36.0,5574.0,0.0,1,reduce chem to 3 and increase stat to 4
PMUL4FSOP85,4,LowLoad,A,2026-09-28 11:01:24.350000+00:00,6,52.0,9362.0,0.0,1,how many would academic writing require
PMUL4FSOP85,4,LowLoad,A,2026-09-28 11:01:56.954000+00:00,11,39.0,18878.0,0.0,1,add 3 hours in eng and reduce stat to 4 hours
PMUL4FSOP85,4,LowLoad,A,2026-09-28 11:02:09.308000+00:00,5,50.0,5576.0,1.0,1,check if this schedule works
PMUL4FSOP85,5,HighLoad,C,2026-09-28 11:05:43.391000+00:00,8,18.0,21200.0,5.0,0,how much time do these activity re quire
PMUL4FSOP85,5,HighLoad,C,2026-09-28 11:06:24.402000+00:00,4,39.0,34549.0,0.0,1,make robotics 4 hours
PMUL4FSOP85,5,HighLoad,C,2026-09-28 11:06:51.306000+00:00,4,80.0,24651.0,0.0,1,it is showing 2
PMUL4FSOP85,5,HighLoad,C,2026-09-28 11:07:20.482000+00:00,3,19.0,19777.0,2.0,1,add debate club
PMUL4FSOP85,5,HighLoad,C,2026-09-28 11:07:45.794000+00:00,6,64.0,19081.0,0.0,1,how many hours does chess require
PMUL4FSOP85,5,HighLoad,C,2026-09-28 11:08:01.104000+00:00,5,58.0,10514.0,0.0,1,add 2 hours in robotics
PMUL4FSOP85,5,HighLoad,C,2026-09-28 11:08:39.833000+00:00,3,31.0,32090.0,0.0,1,add rock climbing
PMUL4FSOP85,5,HighLoad,C,2026-09-28 11:08:56.714000+00:00,5,70.0,13100.0,0.0,1,how is my schedule now
PMUL4FSOP85,5,HighLoad,C,2026-09-28 11:09:42.104000+00:00,4,10.0,17745.0,13.0,1,should i change anything
PMUL4FSOP85,5,HighLoad,C,2026-09-28 11:10:17.546000+00:00,6,60.0,28986.0,0.0,1,remove debate and add studio art
PMUL4FSOP85,5,HighLoad,C,2026-09-28 11:10:30.691000+00:00,3,77.0,10951.0,0.0,1,is this better
PMUL4FSOP85,5,HighLoad,C,2026-09-28 11:10:44.663000+00:00,6,50.0,7768.0,0.0,1,does any club help me more
PMUL4FSOP85,6,LowLoad,C,2026-09-28 11:11:48.968000+00:00,9,66.0,16486.0,0.0,0,what are the requiments for the clubs this week
PMUL4FSOP85,6,LowLoad,C,2026-09-28 11:12:08.721000+00:00,3,43.0,14971.0,0.0,0,remove chess club
PMUL4FSOP85,6,LowLoad,C,2026-09-28 11:13:01.378000+00:00,6,21.0,29577.0,21.0,1,add intramural soccer and peer volenteer
PMUL4FSOP85,6,LowLoad,C,2026-09-28 11:13:16.507000+00:00,5,62.0,10489.0,1.0,1,is the schedule good now
PMUL4FSOP85,7,HighLoad,C,2026-09-28 11:14:38.554000+00:00,6,42.0,49290.0,0.0,0,how many hours does each require
PMUL4FSOP85,7,HighLoad,C,2026-09-28 11:15:14.281000+00:00,4,40.0,28585.0,0.0,1,remove robotics and peer
PMUL4FSOP85,7,HighLoad,C,2026-09-28 11:15:52.460000+00:00,5,14.0,10643.0,6.0,1,remove  soccer and rock climbing
PMUL4FSOP85,8,LowLoad,C,2026-09-28 11:16:44.850000+00:00,4,68.0,17590.0,1.0,0,requirments for this week
PMUL4FSOP85,8,LowLoad,C,2026-09-28 11:17:07.114000+00:00,2,51.0,19930.0,0.0,1,add soccer
PMUL4FSOP85,8,LowLoad,C,2026-09-28 11:17:21.683000+00:00,2,77.0,12529.0,0.0,1,remove studio
PMUL4FSOP85,8,LowLoad,C,2026-09-28 11:17:36.196000+00:00,6,42.0,7394.0,18.0,1,do i need to add anything
PMUL4FSOP85,8,LowLoad,C,2026-09-28 11:17:55.807000+00:00,5,30.0,11670.0,5.0,1,i have all 4 covered
PMUL4FSOP85,8,LowLoad,C,2026-09-28 11:18:18.002000+00:00,2,59.0,20555.0,0.0,1,add peer
PMUL4FSOP85,9,HighLoad,B,2026-09-28 11:21:26.681000+00:00,4,22.0,34514.0,0.0,0,what are the requirments
PMUL4FSOP85,9,HighLoad,B,2026-09-28 11:22:06.608000+00:00,8,19.0,15890.0,1.0,0,add ds 310 and math 215 remove intl301
PMUL4FSOP85,9,HighLoad,B,2026-09-28 11:23:33.691000+00:00,6,9.0,51786.0,6.0,1,add lang 202 and econ 105
PMUL4FSOP85,9,HighLoad,B,2026-09-28 11:23:56.633000+00:00,5,42.0,16029.0,0.0,1,remove land add intl 250
PMUL4FSOP85,9,HighLoad,B,2026-09-28 11:24:13.352000+00:00,4,31.0,7783.0,3.0,1,does any course overlap
PMUL4FSOP85,9,HighLoad,B,2026-09-28 11:24:45.319000+00:00,2,42.0,28505.0,0.0,1,remove ds400
PMUL4FSOP85,9,HighLoad,B,2026-09-28 11:24:59.658000+00:00,3,26.0,7425.0,4.0,1,remove math 215
PMUL4FSOP85,9,HighLoad,B,2026-09-28 11:25:29.648000+00:00,8,39.0,17873.0,0.0,1,add math 215 remove ds310 and add ds220
PMUL4FSOP85,9,HighLoad,B,2026-09-28 11:25:54.447000+00:00,7,27.0,11599.0,7.0,1,remove math 215 and add ds 210
PMUL4FSOP85,9,HighLoad,B,2026-09-28 11:26:18.166000+00:00,4,25.0,14170.0,2.0,1,do these course work
PMUL4FSOP85,10,LowLoad,B,2026-09-28 11:27:31.671000+00:00,6,55.0,33365.0,0.0,0,do any of my courses overlap
PMUL4FSOP85,10,LowLoad,B,2026-09-28 11:27:45.092000+00:00,3,46.0,9475.0,0.0,0,remove phil 110
PMUL4FSOP85,10,LowLoad,B,2026-09-28 11:28:20.513000+00:00,6,38.0,25420.0,2.0,1,what are pre requisists of ds310
PMUL4FSOP85,10,LowLoad,B,2026-09-28 11:29:13.232000+00:00,9,33.0,37824.0,15.0,1,which of the intl courses are best for me
PMUL4FSOP85,10,LowLoad,B,2026-09-28 11:29:27.136000+00:00,6,64.0,7113.0,0.0,1,give me catalouge description of all
PMUL4FSOP85,10,LowLoad,B,2026-09-28 11:29:52.470000+00:00,3,32.0,19728.0,0.0,1,remove intl 301
PMUL4FSOP85,10,LowLoad,B,2026-09-28 11:30:17.331000+00:00,7,28.0,10957.0,7.0,1,remove intl 250 and add lang 202
PMUL4FSOP85,10,LowLoad,B,2026-09-28 11:30:27.216000+00:00,3,67.0,7716.0,0.0,1,is this good
PMUL4FSOP85,10,LowLoad,B,2026-09-28 11:30:46.624000+00:00,3,46.0,14164.0,0.0,1,requirment for ds400
PMUL4FSOP85,10,LowLoad,B,2026-09-28 11:31:13.105000+00:00,8,48.0,16394.0,1.0,1,is lang 202 part of global studies minor
PMUL4FSOP85,11,HighLoad,B,2026-09-28 11:32:07.546000+00:00,3,42.0,26006.0,0.0,0,add econ 105
PMUL4FSOP85,11,HighLoad,B,2026-09-28 11:32:31.313000+00:00,3,9.0,7705.0,5.0,0,add phil 110
PMUL4FSOP85,11,HighLoad,B,2026-09-28 11:33:04.779000+00:00,5,40.0,25025.0,0.0,1,rmeove phil 110 from electve
PMUL4FSOP85,11,HighLoad,B,2026-09-28 11:33:15.556000+00:00,4,45.0,6222.0,0.0,1,add phil in minor
PMUL4FSOP85,11,HighLoad,B,2026-09-28 11:33:35.733000+00:00,10,49.0,8821.0,0.0,1,remove lang in minor and add econ 105 in minor
PMUL4FSOP85,11,HighLoad,B,2026-09-28 11:33:49.342000+00:00,3,22.0,7515.0,4.0,1,add art 101
PMUL4FSOP85,12,LowLoad,B,2026-09-28 11:34:38.164000+00:00,4,59.0,14350.0,0.0,0,is there any scheudlignconflict
PMUL4FSOP85,12,LowLoad,B,2026-09-28 11:34:54.619000+00:00,2,39.0,12747.0,0.0,0,remove ds310
PMUL4FSOP85,12,LowLoad,B,2026-09-28 11:35:25.437000+00:00,3,8.0,13503.0,1.0,1,add intl 220
PMUL4FSOP85,12,LowLoad,B,2026-09-28 11:35:36.733000+00:00,3,44.0,7243.0,1.0,1,remove math 215
PMUL4FSOP85,12,LowLoad,B,2026-09-28 11:35:53.361000+00:00,7,51.0,9124.0,0.0,1,remove intl 250 and add lang 202
PMUL4FSOP85,12,LowLoad,B,2026-09-28 11:36:05.204000+00:00,6,54.0,4696.0,1.0,1,check if there are any conflicts
PMUL4HI166V,1,HighLoad,B,2026-09-28 10:50:59.635000+00:00,5,39.0,55350.0,3.0,0,add 2 hours for capstone
PMUL4HI166V,1,HighLoad,B,2026-09-28 10:51:38.420000+00:00,5,41.0,30919.0,5.0,0,add intro to global studies
PMUL4HI166V,1,HighLoad,B,2026-09-28 10:51:53.764000+00:00,5,57.0,10534.0,0.0,1,add intro to visual art
PMUL4HI166V,1,HighLoad,B,2026-09-28 10:52:18.029000+00:00,3,43.0,17574.0,1.0,1,add comparative politics
PMUL4HI166V,1,HighLoad,B,2026-09-28 10:53:00.586000+00:00,3,38.0,37440.0,0.0,1,add language 202
PMUL4HI166V,1,HighLoad,B,2026-09-28 10:53:51.362000+00:00,5,97.0,47944.0,0.0,1,do i need anything else
PMUL4HI166V,1,HighLoad,B,2026-09-28 10:54:48.291000+00:00,3,8.0,39567.0,11.0,1,add math 215
PMUL4HI166V,1,HighLoad,B,2026-09-28 10:55:05.186000+00:00,3,43.0,9342.0,0.0,1,remove comparative politics
PMUL4HI166V,1,HighLoad,B,2026-09-28 10:55:26.786000+00:00,3,67.0,19261.0,0.0,1,remove ds 300
PMUL4HI166V,1,HighLoad,B,2026-09-28 10:55:32.538000+00:00,3,59.0,3122.0,0.0,1,remove ds 400
PMUL4HI166V,1,HighLoad,B,2026-09-28 10:55:44.977000+00:00,3,14.0,3772.0,3.0,1,add ds 310
PMUL4HI166V,1,HighLoad,B,2026-09-28 10:56:22.933000+00:00,3,46.0,34041.0,1.0,1,remove math 215
PMUL4HI166V,1,HighLoad,B,2026-09-28 10:56:27.819000+00:00,3,28.0,671.0,0.0,1,add ds 220
PMUL4HI166V,1,HighLoad,B,2026-09-28 10:56:51.202000+00:00,3,51.0,19869.0,0.0,1,remove lang 202
PMUL4HI166V,1,HighLoad,B,2026-09-28 10:57:04.345000+00:00,3,62.0,10812.0,0.0,1,add intl 250
PMUL4HI166V,1,HighLoad,B,2026-09-28 10:57:22.178000+00:00,2,73.0,15687.0,0.0,1,whats missing
PMUL4HI166V,1,HighLoad,B,2026-09-28 10:57:37.171000+00:00,3,35.0,10549.0,0.0,1,remove ds 310
PMUL4HI166V,1,HighLoad,B,2026-09-28 10:57:45.882000+00:00,3,35.0,5307.0,0.0,1,add ds 210
PMUL4HI166V,2,LowLoad,B,2026-09-28 10:59:19.306000+00:00,3,34.0,39634.0,2.0,0,remove intl 301
PMUL4HI166V,2,LowLoad,B,2026-09-28 10:59:48.052000+00:00,7,43.0,20358.0,7.0,1,tell me what else can i remove
PMUL4HI166V,2,LowLoad,B,2026-09-28 11:00:04.778000+00:00,3,36.0,11778.0,0.0,1,remove phil 110
PMUL4HI166V,2,LowLoad,B,2026-09-28 11:00:31.716000+00:00,3,17.0,16243.0,0.0,1,remove intl 250
PMUL4HI166V,2,LowLoad,B,2026-09-28 11:00:39.250000+00:00,3,42.0,4140.0,0.0,1,add lang 202
PMUL4HI166V,2,LowLoad,B,2026-09-28 11:00:53.740000+00:00,5,29.0,3385.0,8.0,1,does this meet alln prereqs
PMUL4HI166V,3,LowLoad,B,2026-09-28 11:01:57.897000+00:00,3,46.0,25770.0,0.0,0,add econ 105
PMUL4HI166V,3,LowLoad,B,2026-09-28 11:02:19.106000+00:00,9,26.0,3427.0,9.0,0,do any of my courses need any pre reqs
PMUL4HI166V,4,HighLoad,B,2026-09-28 11:03:36.480000+00:00,4,23.0,30766.0,8.0,0,are there any conflicts
PMUL4HI166V,4,HighLoad,B,2026-09-28 11:03:55.593000+00:00,3,17.0,9886.0,0.0,1,remove ds 310
PMUL4HI166V,4,HighLoad,B,2026-09-28 11:04:07.905000+00:00,3,53.0,8930.0,0.0,1,remove math 215
PMUL4HI166V,4,HighLoad,B,2026-09-28 11:04:34.914000+00:00,3,24.0,20882.0,0.0,1,add intl 301
PMUL4HI166V,4,HighLoad,B,2026-09-28 11:04:48.988000+00:00,3,20.0,5039.0,0.0,1,remove lang 202
PMUL4HI166V,4,HighLoad,B,2026-09-28 11:05:01.352000+00:00,4,43.0,5738.0,3.0,1,is this conbimation fine
PMUL4HI166V,5,HighLoad,A,2026-09-28 11:08:53.771000+00:00,9,49.0,20531.0,1.0,0,how many hours do u think i should give
PMUL4HI166V,5,HighLoad,A,2026-09-28 11:09:36.732000+00:00,5,38.0,35353.0,1.0,0,add one hour in capstone
PMUL4HI166V,5,HighLoad,A,2026-09-28 11:10:14.062000+00:00,4,49.0,34120.0,0.0,1,add 4 in chem
PMUL4HI166V,5,HighLoad,A,2026-09-28 11:10:51.387000+00:00,4,14.0,25224.0,6.0,1,add 1 for stat
PMUL4HI166V,5,HighLoad,A,2026-09-28 11:11:10.380000+00:00,4,63.0,16324.0,0.0,1,add 1 for hist
PMUL4HI166V,5,HighLoad,A,2026-09-28 11:11:30.699000+00:00,8,68.0,15375.0,0.0,1,do i need to do all 40 hours
PMUL4HI166V,5,HighLoad,A,2026-09-28 11:12:02.756000+00:00,4,34.0,27805.0,3.0,1,add 2 to all
PMUL4HI166V,6,LowLoad,A,2026-09-28 11:13:33.773000+00:00,6,40.0,30567.0,0.0,0,add 3 hours to midtem review
PMUL4HI166V,7,LowLoad,A,2026-09-28 11:14:31.092000+00:00,5,37.0,16913.0,1.0,0,remove 1 hour from all
PMUL4HI166V,7,LowLoad,A,2026-09-28 11:14:46.579000+00:00,5,29.0,9373.0,0.0,0,add 5 in cs 301
PMUL4HI166V,8,HighLoad,A,2026-09-28 11:15:48.967000+00:00,4,46.0,29517.0,0.0,0,remove 2 from all
PMUL4HI166V,8,HighLoad,A,2026-09-28 11:16:03.989000+00:00,5,51.0,11220.0,0.0,0,add 5 in end 105
PMUL4HI166V,8,HighLoad,A,2026-09-28 11:16:50.788000+00:00,4,48.0,42331.0,2.0,1,add 3 for capstone
PMUL4HI166V,8,HighLoad,A,2026-09-28 11:17:06.035000+00:00,5,55.0,10436.0,0.0,1,and 3 more to capstone
PMUL4HI166V,8,HighLoad,A,2026-09-28 11:17:24.612000+00:00,4,31.0,11507.0,1.0,1,remove 1 from chem
PMUL4HI166V,9,HighLoad,C,2026-09-28 11:19:35.155000+00:00,3,72.0,22782.0,0.0,0,add rock climbing
PMUL4HI166V,9,HighLoad,C,2026-09-28 11:20:06.370000+00:00,6,49.0,23180.0,2.0,0,"add acapella , studio and debate'"
PMUL4HI166V,9,HighLoad,C,2026-09-28 11:20:39.825000+00:00,3,18.0,24946.0,2.0,1,is this good?
PMUL4HI166V,9,HighLoad,C,2026-09-28 11:21:03.426000+00:00,2,55.0,20340.0,0.0,1,remove robotics
PMUL4HI166V,9,HighLoad,C,2026-09-28 11:21:26.957000+00:00,2,85.0,21547.0,0.0,1,removie debate
PMUL4HI166V,9,HighLoad,C,2026-09-28 11:21:53.556000+00:00,5,42.0,19438.0,3.0,1,add soccer and peer tutor
PMUL4HI166V,9,HighLoad,C,2026-09-28 11:22:06.323000+00:00,3,37.0,8889.0,2.0,1,is this fine
PMUL4HI166V,10,LowLoad,C,2026-09-28 11:22:59.163000+00:00,4,77.0,15902.0,0.0,0,does this combination work
PMUL4HI166V,10,LowLoad,C,2026-09-28 11:23:17.668000+00:00,4,59.0,13439.0,0.0,0,remove int students mixer
PMUL4HI166V,10,LowLoad,C,2026-09-28 11:23:39.860000+00:00,3,54.0,19050.0,1.0,1,does this work
PMUL4HI166V,11,LowLoad,C,2026-09-28 11:24:37.163000+00:00,9,50.0,15595.0,9.0,0,what else has a high workload besides debate team
PMUL4HI166V,11,LowLoad,C,2026-09-28 11:25:23.940000+00:00,7,40.0,33736.0,1.0,1,"remove chess, art, soccer, and rock climbing"
PMUL4HI166V,11,LowLoad,C,2026-09-28 11:25:38.012000+00:00,2,42.0,10963.0,0.0,1,remove peer
PMUL4HI166V,11,LowLoad,C,2026-09-28 11:25:47.396000+00:00,3,65.0,7164.0,0.0,1,is this okay
PMUL4HI166V,11,LowLoad,C,2026-09-28 11:26:05.587000+00:00,2,49.0,15996.0,0.0,1,add chess
PMUL4HI166V,11,LowLoad,C,2026-09-28 11:26:12.062000+00:00,3,81.0,4695.0,0.0,1,is this okay
PMUL4HI166V,12,HighLoad,C,2026-09-28 11:27:01.868000+00:00,8,47.0,19902.0,3.0,0,how much is the workload for each now
PMUL4HNZO6H,1,LowLoad,B,2026-09-28 10:51:16.564000+00:00,3,26.0,65568.0,0.0,0,add DS 210
PMUL4HNZO6H,1,LowLoad,B,2026-09-28 10:51:53.501000+00:00,3,38.0,33120.0,0.0,1,add INTL 301
PMUL4HNZO6H,1,LowLoad,B,2026-09-28 10:52:12.381000+00:00,3,45.0,15711.0,0.0,1,add ECON 105
PMUL4HNZO6H,1,LowLoad,B,2026-09-28 10:52:58.933000+00:00,3,34.0,41998.0,0.0,1,drop INTL 220
PMUL4HNZO6H,1,LowLoad,B,2026-09-28 10:53:09.965000+00:00,3,28.0,5966.0,0.0,1,add INTL 250
PMUL4HNZO6H,1,LowLoad,B,2026-09-28 10:53:19.725000+00:00,3,44.0,6767.0,0.0,1,drop DS 210
PMUL4HNZO6H,1,LowLoad,B,2026-09-28 10:54:18.420000+00:00,3,3.0,23350.0,3.0,1,add DS 220
PMUL4HNZO6H,1,LowLoad,B,2026-09-28 10:54:36.091000+00:00,3,12.0,6684.0,0.0,1,drop DS 210
PMUL4HNZO6H,1,LowLoad,B,2026-09-28 10:55:37.516000+00:00,4,49.0,54516.0,1.0,1,what prerequisite is missing
PMUL4HNZO6H,1,LowLoad,B,2026-09-28 10:56:32.524000+00:00,3,31.0,50814.0,0.0,1,drop DS 220
PMUL4HNZO6H,1,LowLoad,B,2026-09-28 10:56:39.483000+00:00,3,38.0,3774.0,0.0,1,add DS 310
PMUL4HNZO6H,1,LowLoad,B,2026-09-28 10:56:48.211000+00:00,3,35.0,4607.0,0.0,1,add MATH 215
PMUL4HNZO6H,1,LowLoad,B,2026-09-28 10:57:01.114000+00:00,3,44.0,9326.0,0.0,1,drop INTL 250
PMUL4HNZO6H,1,LowLoad,B,2026-09-28 10:57:23.611000+00:00,3,47.0,19457.0,0.0,1,add INTL 301
PMUL4HNZO6H,1,LowLoad,B,2026-09-28 10:57:35.819000+00:00,3,37.0,8287.0,0.0,1,add INTL 250
PMUL4HNZO6H,1,LowLoad,B,2026-09-28 10:57:48.420000+00:00,3,57.0,10269.0,0.0,1,drop DS 400
PMUL4HNZO6H,1,LowLoad,B,2026-09-28 10:58:40.520000+00:00,3,10.0,39135.0,0.0,1,drop DS 310
PMUL4HNZO6H,1,LowLoad,B,2026-09-28 10:58:53.560000+00:00,3,19.0,6877.0,0.0,1,add DS 220
PMUL4HNZO6H,1,LowLoad,B,2026-09-28 11:00:14.814000+00:00,3,21.0,73957.0,7.0,1,drop MATH 215
PMUL4HNZO6H,1,LowLoad,B,2026-09-28 11:00:29.591000+00:00,3,26.0,10095.0,0.0,1,add DS 210
PMUL4HNZO6H,1,LowLoad,B,2026-09-28 11:00:56.087000+00:00,8,55.0,17166.0,0.0,1,why has the major-core minimum not been met
PMUL4HNZO6H,1,LowLoad,B,2026-09-28 11:01:06.630000+00:00,3,39.0,7469.0,0.0,1,add DS 210
PMUL4HNZO6H,1,LowLoad,B,2026-09-28 11:01:11.103000+00:00,3,32.0,766.0,1.0,1,add DS 220
PMUL4HNZO6H,2,HighLoad,B,2026-09-28 11:04:52.236000+00:00,12,14.0,110045.0,15.0,0,can i drop INTL 301 and PHIL 110 if i want to
PMUL4HNZO6H,2,HighLoad,B,2026-09-28 11:05:55.684000+00:00,3,28.0,58325.0,1.0,1,add INTL 301
PMUL4HNZO6H,2,HighLoad,B,2026-09-28 11:08:37.122000+00:00,9,61.0,152236.0,4.0,1,do you recommend making any changes to my major
PMUL4HNZO6H,2,HighLoad,B,2026-09-28 11:09:06.554000+00:00,3,40.0,26429.0,0.0,1,add DS 210
PMUL4HNZO6H,2,HighLoad,B,2026-09-28 11:09:17.866000+00:00,3,11.0,413.0,0.0,1,add DS 220
PMUL4HNZO6H,3,HighLoad,B,2026-09-28 11:11:31.528000+00:00,3,16.0,29816.0,4.0,0,add PHIL 110
PMUL4HNZO6H,3,HighLoad,B,2026-09-28 11:11:54.305000+00:00,3,55.0,20166.0,0.0,1,add LANG 202
PMUL4HNZO6H,3,HighLoad,B,2026-09-28 11:12:47.375000+00:00,3,49.0,49916.0,0.0,1,drop ECON 105
PMUL4HNZO6H,3,HighLoad,B,2026-09-28 11:12:54.848000+00:00,6,44.0,903.0,0.0,1,add ECON 105 to my minor
PMUL4HNZO6H,3,HighLoad,B,2026-09-28 11:13:08.248000+00:00,3,45.0,9902.0,1.0,1,drop PHIL 110
PMUL4HNZO6H,3,HighLoad,B,2026-09-28 11:13:28.519000+00:00,6,23.0,7347.0,0.0,1,add PHIL 110 to my minorr
PMUL4HNZO6H,3,HighLoad,B,2026-09-28 11:13:43.191000+00:00,3,18.0,6006.0,0.0,1,drop LANG 202
PMUL4HNZO6H,3,HighLoad,B,2026-09-28 11:13:51.199000+00:00,3,19.0,1133.0,0.0,1,add ART 101
PMUL4HNZO6H,4,LowLoad,B,2026-09-28 11:15:07.042000+00:00,9,37.0,14790.0,8.0,0,can I have both DS 310 and INTL 250
PMUL4HNZO6H,4,LowLoad,B,2026-09-28 11:15:34.442000+00:00,3,34.0,23478.0,0.0,1,drop DS 310
PMUL4HNZO6H,4,LowLoad,B,2026-09-28 11:15:56.058000+00:00,3,46.0,18478.0,0.0,1,drop ART 101
PMUL4HNZO6H,4,LowLoad,B,2026-09-28 11:16:01.227000+00:00,3,36.0,1119.0,0.0,1,add ECON 105
PMUL4HNZO6H,4,LowLoad,B,2026-09-28 11:16:14.698000+00:00,3,45.0,9989.0,0.0,1,drop MATH 215
PMUL4HNZO6H,4,LowLoad,B,2026-09-28 11:16:31.066000+00:00,3,50.0,13462.0,0.0,1,add INTL 220
PMUL4HNZO6H,4,LowLoad,B,2026-09-28 11:16:59.816000+00:00,9,31.0,13141.0,8.0,1,cn i take DS 310 without taking MATH 215
PMUL4HNZO6H,4,LowLoad,B,2026-09-28 11:17:20.107000+00:00,3,35.0,16503.0,0.0,1,drop DS 220
PMUL4HNZO6H,4,LowLoad,B,2026-09-28 11:17:26.194000+00:00,3,23.0,837.0,1.0,1,add DS 220
PMUL4HNZO6H,5,LowLoad,C,2026-09-28 11:26:27.669000+00:00,3,29.0,20717.0,3.0,0,add Intramural Soccer
PMUL4HNZO6H,5,LowLoad,C,2026-09-28 11:27:22.179000+00:00,3,49.0,50091.0,1.0,1,drop Robotics Club
PMUL4HNZO6H,5,LowLoad,C,2026-09-28 11:27:28.044000+00:00,3,34.0,542.0,3.0,1,add Debate Team
PMUL4HNZO6H,5,LowLoad,C,2026-09-28 11:27:47.122000+00:00,3,15.0,5541.0,17.0,1,add Robotics Club
PMUL4HNZO6H,5,LowLoad,C,2026-09-28 11:28:03.555000+00:00,6,43.0,8895.0,1.0,1,add 1 hour to Robotics Club
PMUL4HNZO6H,5,LowLoad,C,2026-09-28 11:28:27.979000+00:00,4,35.0,15902.0,5.0,1,add Studio Art Collective
PMUL4HNZO6H,6,HighLoad,C,2026-09-28 11:30:35.103000+00:00,3,61.0,76552.0,0.0,0,drop Chess Club
PMUL4HNZO6H,6,HighLoad,C,2026-09-28 11:31:51.215000+00:00,3,10.0,49557.0,7.0,1,drop Intramural Soccer
PMUL4HNZO6H,6,HighLoad,C,2026-09-28 11:32:17.222000+00:00,4,36.0,18685.0,1.0,1,add Rock Climbing Club
PMUL4HNZO6H,6,HighLoad,C,2026-09-28 11:32:38.871000+00:00,3,29.0,15926.0,12.0,1,add Chess Club
PMUL4HNZO6H,6,HighLoad,C,2026-09-28 11:32:45.687000+00:00,4,61.0,342.0,1.0,1,drop International Students Mixer
PMUL4HNZO6H,6,HighLoad,C,2026-09-28 11:33:27.862000+00:00,4,33.0,32140.0,7.0,1,add Peer Tutoring Volunteers
PMUL4HNZO6H,6,HighLoad,C,2026-09-28 11:33:42.861000+00:00,3,14.0,965.0,13.0,1,drop Debate Club
PMUL4HNZO6H,6,HighLoad,C,2026-09-28 11:33:59.845000+00:00,3,53.0,13381.0,0.0,1,drop Debate Team
PMUL4HNZO6H,6,HighLoad,C,2026-09-28 11:34:21.246000+00:00,4,46.0,14598.0,5.0,1,drop Studio Art Collective
PMUL4HNZO6H,6,HighLoad,C,2026-09-28 11:34:25.862000+00:00,3,47.0,540.0,0.0,1,add The Cadences
PMUL4HNZO6H,7,HighLoad,C,2026-09-28 11:35:28.790000+00:00,3,81.0,18767.0,0.0,0,drop Robotics Club
PMUL4HNZO6H,7,HighLoad,C,2026-09-28 11:36:01.949000+00:00,1,49.0,32668.0,0.0,1,no
PMUL4HNZO6H,7,HighLoad,C,2026-09-28 11:36:15.965000+00:00,4,43.0,5837.0,1.0,1,drop Peer Tutoring Volunteers
PMUL4HNZO6H,7,HighLoad,C,2026-09-28 11:37:01.603000+00:00,3,10.0,25619.0,8.0,1,drop The Cadences
PMUL4HNZO6H,7,HighLoad,C,2026-09-28 11:37:31.204000+00:00,5,44.0,21454.0,1.0,1,drop The Cadences (a cappella)
PMUL4HNZO6H,8,LowLoad,C,2026-09-28 11:38:24.812000+00:00,7,74.0,20469.0,0.0,0,what is wrong with my current plan
PMUL4HNZO6H,8,LowLoad,C,2026-09-28 11:38:53.627000+00:00,1,44.0,27987.0,0.0,1,yes
PMUL4HNZO6H,8,LowLoad,C,2026-09-28 11:39:35.930000+00:00,7,60.0,34963.0,4.0,1,what requirements do i need to fulfil
PMUL4HNZO6H,8,LowLoad,C,2026-09-28 11:40:03.019000+00:00,3,78.0,24773.0,0.0,1,drop Chess Club
PMUL4HNZO6H,8,LowLoad,C,2026-09-28 11:40:25.850000+00:00,3,73.0,20380.0,0.0,1,drop Chess Club
PMUL4HNZO6H,8,LowLoad,C,2026-09-28 11:40:54.723000+00:00,3,74.0,26269.0,0.0,1,drop Debate Team
PMUL4HNZO6H,9,LowLoad,A,2026-09-28 11:43:54.479000+00:00,7,61.0,15418.0,2.0,0,which of these courses is the hardest
PMUL4HNZO6H,9,LowLoad,A,2026-09-28 11:44:41.551000+00:00,6,19.0,28029.0,0.0,1,add 10 hrs to Capstone Project
PMUL4HNZO6H,9,LowLoad,A,2026-09-28 11:45:01.855000+00:00,6,20.0,7964.0,0.0,1,add 5 hrs to CHEM 210
PMUL4HNZO6H,9,LowLoad,A,2026-09-28 11:45:39.678000+00:00,6,14.0,21068.0,19.0,1,Add 1 hr to STAT 150
PMUL4HNZO6H,9,LowLoad,A,2026-09-28 11:45:57.819000+00:00,6,14.0,1014.0,0.0,1,Add 1 hr to HIST 240
PMUL4HNZO6H,10,HighLoad,A,2026-09-28 11:47:14.710000+00:00,10,36.0,19672.0,2.0,0,put 5 hours on CHEM 210 -- Midterm Review Session
PMUL4HNZO6H,10,HighLoad,A,2026-09-28 11:47:51.078000+00:00,6,39.0,26438.0,5.0,0,put 10 hours to Capstone Project
PMUL4HNZO6H,10,HighLoad,A,2026-09-28 11:49:01.703000+00:00,6,18.0,55077.0,12.0,1,put 3 hours to STAT 150
PMUL4HNZO6H,10,HighLoad,A,2026-09-28 11:49:39.302000+00:00,6,57.0,31716.0,2.0,1,remove 4 hours from STAT 150
PMUL4HNZO6H,10,HighLoad,A,2026-09-28 11:50:06.958000+00:00,6,76.0,24003.0,1.0,1,add 2 hours to STAT 150
PMUL4HNZO6H,10,HighLoad,A,2026-09-28 11:50:23.013000+00:00,9,39.0,2501.0,0.0,1,how many hours does CHEM 210 need this week?
PMUL4HNZO6H,10,HighLoad,A,2026-09-28 11:50:53.758000+00:00,6,48.0,24524.0,0.0,1,add 5 hours to CHEM   210
PMUL4HNZO6H,10,HighLoad,A,2026-09-28 11:51:21.805000+00:00,6,29.0,18491.0,13.0,1,put 5 hours to STAT 150
PMUL4HNZO6H,10,HighLoad,A,2026-09-28 11:52:06.012000+00:00,7,62.0,37836.0,1.0,1,how much time does HIST 240 need?
PMUL4HNZO6H,10,HighLoad,A,2026-09-28 11:52:32.836000+00:00,6,42.0,20581.0,0.0,1,add 1 hour to HIST 240
PMUL4HNZO6H,10,HighLoad,A,2026-09-28 11:53:04.732000+00:00,6,84.0,28604.0,0.0,1,put 3 hours to HIST 240
PMUL4HNZO6H,10,HighLoad,A,2026-09-28 11:53:53.195000+00:00,9,47.0,36390.0,4.0,1,what does not meet the requirement for my week?
PMUL4HNZO6H,10,HighLoad,A,2026-09-28 11:54:34.563000+00:00,6,43.0,34101.0,3.0,1,remove 2 hrs from HIST 240
PMUL4HNZO6H,10,HighLoad,A,2026-09-28 11:55:28.802000+00:00,6,24.0,44188.0,15.0,1,add 1 hr to HIST 240
PMUL4HNZO6H,10,HighLoad,A,2026-09-28 11:56:53.745000+00:00,6,69.0,80044.0,0.0,1,define what needs to be done
PMUL4HNZO6H,10,HighLoad,A,2026-09-28 11:57:23.648000+00:00,5,74.0,25019.0,0.0,1,what about the other subjects?
PMUL4HNZO6H,10,HighLoad,A,2026-09-28 11:57:50.800000+00:00,5,66.0,23349.0,0.0,1,make HIST 240 3 hours
PMUL4HNZO6H,11,HighLoad,A,2026-09-28 11:58:49.406000+00:00,6,24.0,10607.0,4.0,0,Add 4 hours to CS 301
PMUL4HNZO6H,11,HighLoad,A,2026-09-28 11:59:38.328000+00:00,6,8.0,8382.0,0.0,1,remove 3 hours from CHEM 210
PMUL4HNZO6H,12,LowLoad,A,2026-09-28 12:00:49.062000+00:00,6,32.0,26944.0,8.0,0,add 5 hours to ENG 105
PMUL4HNZO6H,12,LowLoad,A,2026-09-28 12:01:06.829000+00:00,6,75.0,14252.0,0.0,0,add 3 hours to ENG 105
PMUMDQ3OED4,1,LowLoad,C,2026-09-29 07:56:37.734000+00:00,3,10.0,28745.0,0.0,0,add rpck climbing
PMUMDQ3OED4,1,LowLoad,C,2026-09-29 07:57:08.021000+00:00,3,8.0,3307.0,0.0,0,add rock climbing
PMUMDQ3OED4,1,LowLoad,C,2026-09-29 07:57:50.054000+00:00,3,39.0,37067.0,2.0,0,add the cadences
PMUMDQ3OED4,1,LowLoad,C,2026-09-29 07:58:02.658000+00:00,4,62.0,8377.0,0.0,1,add rock climbing club
PMUMDQ3OED4,1,LowLoad,C,2026-09-29 07:58:32.461000+00:00,3,79.0,26623.0,0.0,1,add intramural soccer
PMUMDQ3OED4,1,LowLoad,C,2026-09-29 07:58:49.541000+00:00,4,55.0,10963.0,0.0,1,add peer tutoring colunteers
PMUMDQ3OED4,2,LowLoad,C,2026-09-29 07:59:57.197000+00:00,3,73.0,26536.0,0.0,0,remove peeer tutoring
PMUMDQ3OED4,2,LowLoad,C,2026-09-29 08:00:15.391000+00:00,5,82.0,13533.0,1.0,1,i already have physical activity
PMUMDQ3OED4,2,LowLoad,C,2026-09-29 08:00:42.012000+00:00,6,118.0,23361.0,0.0,1,are any of my events overlapping
PMUMDQ3OED4,2,LowLoad,C,2026-09-29 08:00:53.382000+00:00,3,90.0,9501.0,0.0,1,drop the mixer
PMUMDQ3OED4,3,HighLoad,C,2026-09-29 08:01:56.902000+00:00,4,16.0,11370.0,2.0,0,does current schedule work
PMUMDQ3OED4,3,HighLoad,C,2026-09-29 08:02:30.807000+00:00,2,95.0,32011.0,0.0,1,remove robotics
PMUMDQ3OED4,3,HighLoad,C,2026-09-29 08:02:41.821000+00:00,4,89.0,8707.0,0.0,1,does it work now?
PMUMDQ3OED4,3,HighLoad,C,2026-09-29 08:03:04.925000+00:00,5,81.0,19262.0,0.0,1,is the schedule valid now?
PMUMDQ3OED4,3,HighLoad,C,2026-09-29 08:03:15.462000+00:00,4,113.0,8948.0,0.0,1,what can i drop
PMUMDQ3OED4,3,HighLoad,C,2026-09-29 08:03:34.144000+00:00,3,90.0,16819.0,0.0,1,ok drop debate
PMUMDQ3OED4,3,HighLoad,C,2026-09-29 08:03:39.464000+00:00,2,28.0,266.0,0.0,1,add robotics
PMUMDQ3OED4,4,HighLoad,C,2026-09-29 08:04:43.857000+00:00,6,62.0,16691.0,0.0,0,how much extra is the reharsal
PMUMDQ3OED4,4,HighLoad,C,2026-09-29 08:05:04.970000+00:00,2,109.0,19571.0,0.0,1,remove cadence
PMUMDQ3OED4,4,HighLoad,C,2026-09-29 08:05:14.800000+00:00,4,103.0,7138.0,0.0,1,add studio art creative
PMUMDQ3OED4,4,HighLoad,C,2026-09-29 08:05:36.546000+00:00,2,82.0,19846.0,0.0,1,add robiotics
PMUMDQ3OED4,4,HighLoad,C,2026-09-29 08:05:47.546000+00:00,3,90.0,9258.0,0.0,1,is plan good?
PMUMDQ3OED4,5,LowLoad,B,2026-09-29 08:09:23.490000+00:00,5,41.0,23576.0,1.0,0,add intro to data science
PMUMDQ3OED4,5,LowLoad,B,2026-09-29 08:09:37.961000+00:00,3,22.0,1187.0,0.0,1,add comparitive politics
PMUMDQ3OED4,5,LowLoad,B,2026-09-29 08:09:52.325000+00:00,3,30.0,9607.0,1.0,1,add phil 110
PMUMDQ3OED4,5,LowLoad,B,2026-09-29 08:10:08.059000+00:00,2,16.0,5311.0,2.0,1,good workload?
PMUMDQ3OED4,5,LowLoad,B,2026-09-29 08:10:18.059000+00:00,4,27.0,1547.0,0.0,1,add lin algebra too
PMUMDQ3OED4,5,LowLoad,B,2026-09-29 08:11:05.427000+00:00,3,4.0,9308.0,3.0,1,remove ds 400
PMUMDQ3OED4,5,LowLoad,B,2026-09-29 08:11:19.620000+00:00,3,28.0,7738.0,0.0,1,remove intl 250
PMUMDQ3OED4,5,LowLoad,B,2026-09-29 08:11:25.203000+00:00,3,27.0,201.0,0.0,1,add lang 202
PMUMDQ3OED4,5,LowLoad,B,2026-09-29 08:11:47.099000+00:00,3,78.0,20059.0,0.0,1,add lang 202
PMUMDQ3OED4,5,LowLoad,B,2026-09-29 08:12:06.500000+00:00,4,14.0,962.0,20.0,1,is workload good now?
PMUMDQ3OED4,5,LowLoad,B,2026-09-29 08:12:24.317000+00:00,3,45.0,11717.0,0.0,1,ds220 any prerequisite?
PMUMDQ3OED4,5,LowLoad,B,2026-09-29 08:12:34.901000+00:00,2,96.0,9088.0,0.0,1,remove ds210
PMUMDQ3OED4,5,LowLoad,B,2026-09-29 08:12:40.677000+00:00,2,19.0,225.0,0.0,1,add ds220
PMUMDQ3OED4,5,LowLoad,B,2026-09-29 08:13:03.407000+00:00,2,4.0,1490.0,0.0,1,add 220
PMUMDQ3OED4,5,LowLoad,B,2026-09-29 08:13:08.132000+00:00,3,30.0,663.0,0.0,1,add ds 210
PMUMDQ3OED4,5,LowLoad,B,2026-09-29 08:13:13.947000+00:00,3,36.0,881.0,0.0,1,remove math 215
PMUMDQ3OED4,5,LowLoad,B,2026-09-29 08:13:21.222000+00:00,3,25.0,1068.0,0.0,1,this is good?
PMUMDQ3OED4,5,LowLoad,B,2026-09-29 08:13:36.385000+00:00,4,42.0,9672.0,0.0,1,what is the minimum
PMUMDQ3OED4,5,LowLoad,B,2026-09-29 08:13:44.943000+00:00,4,18.0,347.0,0.0,1,i am doing 8
PMUMDQ3OED4,5,LowLoad,B,2026-09-29 08:14:07.597000+00:00,4,37.0,18480.0,7.0,1,i am dooing 8
PMUMDQ3OED4,6,LowLoad,B,2026-09-29 08:15:01.550000+00:00,4,130.0,19375.0,0.0,0,does curernt plan work?
PMUMDQ3OED4,6,LowLoad,B,2026-09-29 08:15:27.296000+00:00,5,35.0,18155.0,0.0,1,can i remove intl 220?
PMUMDQ3OED4,6,LowLoad,B,2026-09-29 08:15:54.065000+00:00,7,18.0,423.0,3.0,1,why are my elective credits belo minimum
PMUMDQ3OED4,6,LowLoad,B,2026-09-29 08:16:16.783000+00:00,4,46.0,17553.0,0.0,1,"remove phil, add art"
PMUMDQ3OED4,7,HighLoad,B,2026-09-29 08:17:12.350000+00:00,5,87.0,12207.0,0.0,0,is my current owrkload ok?
PMUMDQ3OED4,7,HighLoad,B,2026-09-29 08:17:30.950000+00:00,2,62.0,17050.0,0.0,1,add econ
PMUMDQ3OED4,7,HighLoad,B,2026-09-29 08:17:41.878000+00:00,2,58.0,9060.0,0.0,1,good now?
PMUMDQ3OED4,7,HighLoad,B,2026-09-29 08:17:54.176000+00:00,4,99.0,9635.0,0.0,1,replace lagn with phil
PMUMDQ3OED4,7,HighLoad,B,2026-09-29 08:18:21.519000+00:00,5,42.0,19824.0,2.0,1,replace lang with phil 110
PMUMDQ3OED4,7,HighLoad,B,2026-09-29 08:18:31.324000+00:00,3,82.0,7603.0,0.0,1,is worklaod ok?
PMUMDQ3OED4,7,HighLoad,B,2026-09-29 08:18:48.935000+00:00,5,86.0,14110.0,0.0,1,why is my plan incomplete
PMUMDQ3OED4,8,HighLoad,B,2026-09-29 08:20:13.199000+00:00,4,78.0,23109.0,0.0,0,what should i drop
PMUMDQ3OED4,8,HighLoad,B,2026-09-29 08:20:35.204000+00:00,7,76.0,17265.0,0.0,0,i need to drop 2 major courses
PMUMDQ3OED4,8,HighLoad,B,2026-09-29 08:20:56.530000+00:00,2,20.0,14127.0,0.0,1,remove ds310
PMUMDQ3OED4,8,HighLoad,B,2026-09-29 08:21:09.865000+00:00,3,11.0,274.0,0.0,1,add intl 220
PMUMDQ3OED4,8,HighLoad,B,2026-09-29 08:21:34.694000+00:00,3,115.0,23264.0,0.0,1,remove math 215
PMUMDQ3OED4,8,HighLoad,B,2026-09-29 08:21:58.947000+00:00,3,12.0,9036.0,0.0,1,remove math 215
PMUMDQ3OED4,8,HighLoad,B,2026-09-29 08:22:07.258000+00:00,4,98.0,6479.0,0.0,1,is it good now?
PMUMDQ3OED4,8,HighLoad,B,2026-09-29 08:22:23.266000+00:00,5,86.0,12529.0,0.0,1,why is my plan incomplete
PMUMDQ3OED4,8,HighLoad,B,2026-09-29 08:22:45.529000+00:00,5,299.0,21255.0,0.0,1,why is my plan incomplete
PMUMDQ3OED4,9,LowLoad,A,2026-09-29 08:24:53.067000+00:00,7,101.0,21093.0,1.0,0,how much time does each thing need
PMUMDQ3OED4,9,LowLoad,A,2026-09-29 08:25:22.131000+00:00,4,61.0,25930.0,0.0,0,add 3 rest hours
PMUMDQ3OED4,9,LowLoad,A,2026-09-29 08:25:52.034000+00:00,6,9.0,109.0,0.0,1,add 1 hour to chem 210
PMUMDQ3OED4,10,LowLoad,A,2026-09-29 08:26:30.458000+00:00,4,97.0,7277.0,0.0,0,what is under/over allcoated
PMUMDQ3OED4,10,LowLoad,A,2026-09-29 08:26:57.357000+00:00,7,29.0,13684.0,0.0,0,add 1 to chem and midterm review
PMUMDQ3OED4,11,HighLoad,A,2026-09-29 08:28:12.999000+00:00,6,17.0,5296.0,0.0,0,just tell em what to change
PMUMDQ3OED4,11,HighLoad,A,2026-09-29 08:28:34.717000+00:00,10,106.0,15366.0,0.0,1,compare current with required adn tell me what to change
PMUMDQ3OED4,11,HighLoad,A,2026-09-29 08:29:05.011000+00:00,4,94.0,27488.0,0.0,1,remove 1 from capstone
PMUMDQ3OED4,11,HighLoad,A,2026-09-29 08:29:14.526000+00:00,4,39.0,5233.0,0.0,1,add 6 to cs301
PMUMDQ3OED4,11,HighLoad,A,2026-09-29 08:29:23.789000+00:00,4,106.0,6421.0,0.0,1,how is current allocation
PMUMDQ3OED4,11,HighLoad,A,2026-09-29 08:29:44.933000+00:00,3,110.0,19722.0,0.0,1,is this good?
PMUMDQ3OED4,11,HighLoad,A,2026-09-29 08:30:01.291000+00:00,4,100.0,14201.0,0.0,1,remove 1 from stat
PMUMDQ3OED4,12,HighLoad,A,2026-09-29 08:31:07.983000+00:00,4,36.0,16285.0,0.0,0,what are new requirements
PMUMDQ3OED4,12,HighLoad,A,2026-09-29 08:31:34.679000+00:00,8,53.0,18800.0,0.0,1,"add 5 to eng105, remove 2 from chem"
PMUMDQ3OED4,12,HighLoad,A,2026-09-29 08:31:49.653000+00:00,4,99.0,12904.0,0.0,1,add 6 to capstone
PMUMDQ3OED4,12,HighLoad,A,2026-09-29 08:31:59.091000+00:00,3,81.0,7513.0,0.0,1,is this good?
PMUMDQ3OED4,12,HighLoad,A,2026-09-29 08:32:13.805000+00:00,4,90.0,12972.0,0.0,1,add 1 to stat
PMUMDQ3OED4,12,HighLoad,A,2026-09-29 08:32:34.662000+00:00,4,94.0,19202.0,0.0,1,add 1 to stat
PMUMDQ3OED4,12,HighLoad,A,2026-09-29 08:33:35.288000+00:00,4,83.0,58171.0,0.0,1,is my pplan done?
PMUMDROVABW,1,HighLoad,A,2026-09-29 08:01:54.620000+00:00,5,61.0,46781.0,1.0,0,what subjects need more time
PMUMDROVABW,1,HighLoad,A,2026-09-29 08:02:47.034000+00:00,13,28.0,28983.0,0.0,0,"put 6 for chem, 5 for stat, 3 for hist, 7 for capstone"
PMUMDROVABW,2,LowLoad,A,2026-09-29 08:05:43.582000+00:00,4,26.0,23277.0,2.0,0,whats the change explain
PMUMDROVABW,2,LowLoad,A,2026-09-29 08:06:12.803000+00:00,7,65.0,22440.0,0.0,0,how long will the review session take
PMUMDROVABW,2,LowLoad,A,2026-09-29 08:07:07.145000+00:00,5,7.0,20443.0,18.0,1,add 2 hours to chem
PMUMDROVABW,2,LowLoad,A,2026-09-29 08:07:48.476000+00:00,6,56.0,35080.0,0.0,1,add 2 hours to midterm review
PMUMDROVABW,3,HighLoad,A,2026-09-29 08:09:39.968000+00:00,12,66.0,23708.0,1.0,0,how heavy is the cs course what do u recommend as balance
PMUMDROVABW,3,HighLoad,A,2026-09-29 08:10:28.269000+00:00,9,27.0,32207.0,0.0,1,"remove 1 hour from chem, add 6 to cs"
PMUMDROVABW,3,HighLoad,A,2026-09-29 08:11:02.719000+00:00,12,86.0,26811.0,0.0,1,what do u think of this plan what needs changes and why
PMUMDROVABW,3,HighLoad,A,2026-09-29 08:11:35.318000+00:00,10,73.0,24560.0,1.0,1,rate my current plan out of 10 and give reasoning
PMUMDROVABW,3,HighLoad,A,2026-09-29 08:12:04.487000+00:00,9,54.0,20280.0,0.0,1,reduce chem hist and stat by 1 hour each
PMUMDROVABW,4,LowLoad,A,2026-09-29 08:14:21.344000+00:00,30,26.0,12051.0,38.0,0,"suggest a plan such that we focus on ENG 105 being due, while Chem 210 and Stat 150 settle back to a normal week. this week is also 45-hour cap."
PMUMDROVABW,4,LowLoad,A,2026-09-29 08:14:46.987000+00:00,4,21.0,12171.0,2.0,0,suggest a balanced plan
PMUMDROVABW,4,LowLoad,A,2026-09-29 08:15:25.695000+00:00,7,19.0,22679.0,5.0,0,"make chem 5, stat 3, eng 6"
PMUMDROVABW,4,LowLoad,A,2026-09-29 08:16:13.174000+00:00,9,22.0,28190.0,4.0,1,"add 5 hours on chem, 3 hours on stat"
PMUMDROVABW,4,LowLoad,A,2026-09-29 08:16:22.486000+00:00,1,46.0,7745.0,0.0,1,nonono
PMUMDROVABW,4,LowLoad,A,2026-09-29 08:16:47.066000+00:00,12,31.0,857.0,9.0,1,"5 hours chem, 6 hours english, 3 hours stat, 5 hours capstone"
PMUMDROVABW,5,HighLoad,C,2026-09-29 08:24:18.009000+00:00,3,39.0,51258.0,0.0,0,add rock climbing
PMUMDROVABW,5,HighLoad,C,2026-09-29 08:25:29.035000+00:00,6,39.0,60572.0,0.0,1,add students mixer and debate team
PMUMDROVABW,5,HighLoad,C,2026-09-29 08:25:48.069000+00:00,3,48.0,14530.0,0.0,1,remove debate team
PMUMDROVABW,5,HighLoad,C,2026-09-29 08:26:04.224000+00:00,7,69.0,10598.0,0.0,1,reduce chess club time to 1 hour
PMUMDROVABW,5,HighLoad,C,2026-09-29 08:26:25.925000+00:00,3,10.0,2251.0,3.0,1,add peer tutoring
PMUMDROVABW,6,LowLoad,C,2026-09-29 08:28:26.229000+00:00,9,20.0,51385.0,4.0,0,remove students mixer and robotics and add studio art
PMUMDROVABW,7,HighLoad,C,2026-09-29 08:29:59.373000+00:00,3,35.0,38924.0,0.0,0,remove peer tutor
PMUMDROVABW,7,HighLoad,C,2026-09-29 08:30:33.895000+00:00,3,75.0,31475.0,0.0,1,remove rock climing
PMUMDROVABW,8,LowLoad,C,2026-09-29 08:31:23.232000+00:00,4,84.0,14306.0,0.0,0,plan for the week
PMUMDROVABW,8,LowLoad,C,2026-09-29 08:31:47.206000+00:00,2,48.0,21474.0,0.0,1,add soccer
PMUMDROVABW,8,LowLoad,C,2026-09-29 08:32:07.563000+00:00,12,242.0,16778.0,0.0,1,"what does this mean ""Total weekly commitment goes over your visible cap"""
PMUMDROVABW,8,LowLoad,C,2026-09-29 08:32:19.352000+00:00,4,30.0,908.0,3.0,1,adjust the plan accordingly
PMUMDROVABW,8,LowLoad,C,2026-09-29 08:32:33.743000+00:00,2,49.0,11197.0,0.0,1,drop cadences
PMUMDROVABW,8,LowLoad,C,2026-09-29 08:32:57+00:00,3,52.0,19326.0,0.0,1,drop the cadences
PMUMDROVABW,8,LowLoad,C,2026-09-29 08:33:12.216000+00:00,5,65.0,10246.0,0.0,1,check plan adjust as needed
PMUMDROVABW,9,HighLoad,B,2026-09-29 08:36:41.769000+00:00,24,2199.0,25963.0,0.0,0,"Build a slate across Major (8+ credits), your Global Studies Minor (6+ credits), and Elective (3+ credits) that stays within this term's 17-credit cap."
PMUMDROVABW,9,HighLoad,B,2026-09-29 08:37:14.588000+00:00,3,12.0,22025.0,0.0,0,make a plan
PMUMDROVABW,9,HighLoad,B,2026-09-29 08:38:16.906000+00:00,3,19.0,51651.0,14.0,0,add applied stats
PMUMDROVABW,9,HighLoad,B,2026-09-29 08:38:34.649000+00:00,7,82.0,11714.0,0.0,1,suggest more things to add/change to plan
PMUMDROVABW,9,HighLoad,B,2026-09-29 08:39:08.816000+00:00,3,11.0,20949.0,0.0,1,add phil 110
PMUMDROVABW,9,HighLoad,B,2026-09-29 08:39:20.460000+00:00,2,42.0,8527.0,0.0,1,add math215
PMUMDROVABW,9,HighLoad,B,2026-09-29 08:40:00.002000+00:00,6,21.0,22715.0,0.0,1,"remove math 215, add INTL 250"
PMUMDROVABW,9,HighLoad,B,2026-09-29 08:40:31.248000+00:00,3,74.0,28801.0,0.0,1,remove math 215
PMUMDROVABW,9,HighLoad,B,2026-09-29 08:40:40.497000+00:00,3,18.0,1092.0,0.0,1,add INTL 250
PMUMDROVABW,9,HighLoad,B,2026-09-29 08:41:01.381000+00:00,8,63.0,13103.0,0.0,1,what is the reason this combo doesnt work
PMUMDROVABW,9,HighLoad,B,2026-09-29 08:41:50.833000+00:00,4,11.0,21361.0,43.0,1,"remove ds220, add math215"
PMUMDROVABW,9,HighLoad,B,2026-09-29 08:42:09.329000+00:00,1,87.0,17940.0,0.0,1,what
PMUMDROVABW,9,HighLoad,B,2026-09-29 08:42:55.394000+00:00,5,91.0,42622.0,0.0,1,what courses should i take
PMUMDROVABW,9,HighLoad,B,2026-09-29 08:43:29.409000+00:00,2,31.0,30564.0,0.0,1,add ds310
PMUMDROVABW,9,HighLoad,B,2026-09-29 08:43:50.322000+00:00,4,42.0,13703.0,2.0,1,remove capstone add ds210
PMUMDROVABW,9,HighLoad,B,2026-09-29 08:43:58.373000+00:00,2,64.0,5437.0,0.0,1,remove math215
PMUMDROVABW,9,HighLoad,B,2026-09-29 08:44:09.919000+00:00,4,45.0,6512.0,2.0,1,remove phil add art
PMUMDROVABW,9,HighLoad,B,2026-09-29 08:44:21.499000+00:00,3,91.0,9737.0,0.0,1,whats the prob
PMUMDROVABW,9,HighLoad,B,2026-09-29 08:44:37.532000+00:00,4,53.0,10849.0,0.0,1,"remove ds310, add ds220"
PMUMDROVABW,10,LowLoad,B,2026-09-29 08:46:01.638000+00:00,6,40.0,32706.0,0.0,0,"remove intl 301, remove phil 110"
PMUMDROVABW,11,HighLoad,B,2026-09-29 08:47:52.998000+00:00,7,30.0,38027.0,4.0,0,"drop lang 202, add phil and econ"
PMUMDROVABW,11,HighLoad,B,2026-09-29 08:48:16.582000+00:00,3,90.0,21844.0,0.0,0,drop lang 202
PMUMDROVABW,11,HighLoad,B,2026-09-29 08:48:50.836000+00:00,6,10.0,3030.0,0.0,1,"add phil 110, and econ 105"
PMUMDROVABW,11,HighLoad,B,2026-09-29 08:49:29.160000+00:00,6,80.0,34439.0,0.0,1,"add phil 110, add econ 105"
PMUMDROVABW,12,LowLoad,B,2026-09-29 08:50:30.406000+00:00,3,35.0,22049.0,4.0,0,whats the conflict
PMUMDROVABW,12,LowLoad,B,2026-09-29 08:50:55.623000+00:00,5,40.0,17774.0,0.0,0,"drop ds310, drop math 215"
PMUMDROVABW,12,LowLoad,B,2026-09-29 08:51:34.356000+00:00,8,17.0,8171.0,3.0,0,"remove ds310, remove math 215, add intl 220"
PMUMDXHW1IL,1,HighLoad,B,2026-09-29 08:03:57.282000+00:00,1,10.0,50570.0,0.0,0,4
PMUMDXHW1IL,1,HighLoad,B,2026-09-29 08:06:13.619000+00:00,3,14.0,127594.0,1.0,1,add DS 210
PMUMDXHW1IL,1,HighLoad,B,2026-09-29 08:06:57.733000+00:00,3,4.0,15369.0,4.0,1,add DS 319
PMUMDXHW1IL,1,HighLoad,B,2026-09-29 08:07:14.317000+00:00,3,14.0,8155.0,0.0,1,add DS 310
PMUMDXHW1IL,1,HighLoad,B,2026-09-29 08:07:48.527000+00:00,3,10.0,20290.0,4.0,1,add Math 215
PMUMDXHW1IL,1,HighLoad,B,2026-09-29 08:08:27.327000+00:00,3,13.0,26831.0,2.0,1,remove DS 210
PMUMDXHW1IL,1,HighLoad,B,2026-09-29 08:09:06.640000+00:00,3,19.0,30916.0,0.0,1,delete DS 210
PMUMDXHW1IL,1,HighLoad,B,2026-09-29 08:09:49.841000+00:00,3,7.0,24430.0,0.0,1,ADD art 101
PMUMDXHW1IL,1,HighLoad,B,2026-09-29 08:10:41.811000+00:00,3,10.0,38057.0,1.0,1,add intl 301
PMUMDXHW1IL,1,HighLoad,B,2026-09-29 08:11:12.340000+00:00,3,15.0,18432.0,0.0,1,delete intl 220
PMUMDXHW1IL,1,HighLoad,B,2026-09-29 08:11:27.300000+00:00,3,11.0,2256.0,2.0,1,add lang 202
PMUMDXHW1IL,1,HighLoad,B,2026-09-29 08:11:51.300000+00:00,3,39.0,19983.0,0.0,1,delete ds 400
PMUMDXHW1IL,1,HighLoad,B,2026-09-29 08:12:56+00:00,3,39.0,60072.0,0.0,1,delete lang 202
PMUMDXHW1IL,1,HighLoad,B,2026-09-29 08:13:18.592000+00:00,3,9.0,7096.0,7.0,1,add intl 250
PMUMDXHW1IL,1,HighLoad,B,2026-09-29 08:13:53.288000+00:00,3,10.0,16270.0,8.0,1,delete math 215
PMUMDXHW1IL,1,HighLoad,B,2026-09-29 08:14:04.122000+00:00,3,14.0,2362.0,0.0,1,add ds 220
PMUMDXHW1IL,1,HighLoad,B,2026-09-29 08:14:43.705000+00:00,3,19.0,31501.0,3.0,1,remove ds 310
PMUMDXHW1IL,1,HighLoad,B,2026-09-29 08:14:51.698000+00:00,3,22.0,2569.0,1.0,1,add ds 210
PMUMDXHW1IL,2,LowLoad,B,2026-09-29 08:17:10.878000+00:00,3,16.0,45467.0,0.0,0,remove phil 110
PMUMDXHW1IL,2,LowLoad,B,2026-09-29 08:17:29.231000+00:00,3,48.0,14638.0,0.0,0,delete phil 110
PMUMDXHW1IL,2,LowLoad,B,2026-09-29 08:18:23.544000+00:00,3,4.0,6886.0,1.0,1,delete intl 250
PMUMDXHW1IL,2,LowLoad,B,2026-09-29 08:18:39.391000+00:00,3,10.0,1670.0,5.0,1,add lang 202
PMUMDXHW1IL,2,LowLoad,B,2026-09-29 08:19:16.306000+00:00,3,37.0,33056.0,0.0,1,put lang 202
PMUMDXHW1IL,3,LowLoad,B,2026-09-29 08:20:41.845000+00:00,3,16.0,32525.0,0.0,0,delete lang 202
PMUMDXHW1IL,3,LowLoad,B,2026-09-29 08:21:00.988000+00:00,3,9.0,3239.0,0.0,0,put econ 105
PMUMDXHW1IL,4,HighLoad,B,2026-09-29 08:23:37.329000+00:00,3,21.0,86733.0,4.0,0,delete lang 202
PMUMDXHW1IL,4,HighLoad,B,2026-09-29 08:24:04.617000+00:00,3,10.0,13270.0,0.0,1,put intl 301
PMUMDXHW1IL,4,HighLoad,B,2026-09-29 08:24:39.459000+00:00,3,30.0,30012.0,0.0,1,add intl 301
PMUMDXHW1IL,4,HighLoad,B,2026-09-29 08:24:56.578000+00:00,3,23.0,9180.0,0.0,1,delete MATH 215
PMUMDXHW1IL,4,HighLoad,B,2026-09-29 08:25:06.180000+00:00,3,22.0,2605.0,2.0,1,delete ds 310
PMUMDXHW1IL,5,HighLoad,A,2026-09-29 08:27:45.661000+00:00,5,16.0,35250.0,0.0,0,add 1 to CHEM 210
PMUMDXHW1IL,5,HighLoad,A,2026-09-29 08:28:13.385000+00:00,2,16.0,23881.0,0.0,1,add 5
PMUMDXHW1IL,5,HighLoad,A,2026-09-29 08:28:30.216000+00:00,2,21.0,12293.0,1.0,1,stat 150
PMUMDXHW1IL,5,HighLoad,A,2026-09-29 08:28:36.631000+00:00,1,45.0,6149.0,0.0,1,5
PMUMDXHW1IL,5,HighLoad,A,2026-09-29 08:29:06.416000+00:00,5,26.0,22007.0,0.0,1,add 5 to stat 150
PMUMDXHW1IL,5,HighLoad,A,2026-09-29 08:29:56.090000+00:00,5,12.0,32648.0,7.0,1,add 6 to chem 210
PMUMDXHW1IL,5,HighLoad,A,2026-09-29 08:30:17.011000+00:00,5,22.0,11496.0,1.0,1,add 4 to stat 150
PMUMDXHW1IL,5,HighLoad,A,2026-09-29 08:30:51.034000+00:00,5,14.0,19388.0,0.0,1,add 4 to hist 240
PMUMDXHW1IL,5,HighLoad,A,2026-09-29 08:31:05.637000+00:00,5,27.0,3382.0,0.0,1,add 6 to capstone project
PMUMDXHW1IL,5,HighLoad,A,2026-09-29 08:32:11.492000+00:00,4,42.0,60685.0,0.0,1,add geek room club
PMUMDXHW1IL,5,HighLoad,A,2026-09-29 08:32:30.262000+00:00,3,36.0,13808.0,1.0,1,what is missing
PMUMDXHW1IL,5,HighLoad,A,2026-09-29 08:33:29.887000+00:00,5,12.0,34127.0,10.0,1,put 6 for capstone project
PMUMDXHW1IL,5,HighLoad,A,2026-09-29 08:33:49.431000+00:00,5,32.0,12400.0,0.0,1,put 12 for stat 150
PMUMDXHW1IL,5,HighLoad,A,2026-09-29 08:34:12.078000+00:00,3,47.0,18806.0,3.0,1,what is missing
PMUMDXHW1IL,5,HighLoad,A,2026-09-29 08:34:46.930000+00:00,4,22.0,26632.0,0.0,1,add 6 to buffer
PMUMDXHW1IL,5,HighLoad,A,2026-09-29 08:35:56.323000+00:00,5,28.0,61551.0,0.0,1,put 8 for stat 150
PMUMDXHW1IL,5,HighLoad,A,2026-09-29 08:36:17.668000+00:00,5,14.0,5694.0,2.0,1,put 7 for chem 210
PMUMDXHW1IL,5,HighLoad,A,2026-09-29 08:36:51.132000+00:00,6,28.0,23229.0,2.0,1,put 8 hours for stat 150
PMUMDXHW1IL,5,HighLoad,A,2026-09-29 08:37:17.013000+00:00,6,21.0,12460.0,1.0,1,put 7 hours for chem 210
PMUMDXHW1IL,5,HighLoad,A,2026-09-29 08:38:43.936000+00:00,6,141.0,84878.0,1.0,1,put 7 hours for chem 210
PMUMDXHW1IL,5,HighLoad,A,2026-09-29 08:39:07.737000+00:00,5,54.0,18260.0,0.0,1,add 8 to capstone project
PMUMDXHW1IL,5,HighLoad,A,2026-09-29 08:39:33.801000+00:00,6,51.0,18576.0,0.0,1,put 8 hours for capstone project
PMUMDXHW1IL,6,LowLoad,A,2026-09-29 08:41:02.341000+00:00,6,16.0,30087.0,5.0,0,add 9 hours to chem 210
PMUMDXHW1IL,6,LowLoad,A,2026-09-29 08:41:30.253000+00:00,10,87.0,21162.0,2.0,0,add 9 hours to CHEM 210 -- Midterm Review Session
PMUMDXHW1IL,6,LowLoad,A,2026-09-29 08:41:47.270000+00:00,5,33.0,10411.0,0.0,1,put 8 for chem 210
PMUMDXHW1IL,6,LowLoad,A,2026-09-29 08:42:01.135000+00:00,5,48.0,9380.0,0.0,1,put 4 for hist 240
PMUMDXHW1IL,6,LowLoad,A,2026-09-29 08:42:18.422000+00:00,6,65.0,12852.0,0.0,1,put 4 hours for hist 240
PMUMDXHW1IL,7,LowLoad,A,2026-09-29 08:43:36.818000+00:00,6,15.0,27810.0,3.0,0,add 9 hours to CS 301
PMUMDXHW1IL,7,LowLoad,A,2026-09-29 08:44:12.003000+00:00,6,23.0,23995.0,2.0,1,add 5 hours to CS 301
PMUMDXHW1IL,7,LowLoad,A,2026-09-29 08:44:32.778000+00:00,6,30.0,12295.0,1.0,1,put 5 hours to CS 301
PMUMDXHW1IL,7,LowLoad,A,2026-09-29 08:44:50.340000+00:00,6,48.0,12082.0,0.0,1,put 5 hours for CS 301
PMUMDXHW1IL,7,LowLoad,A,2026-09-29 08:45:08.179000+00:00,6,31.0,5442.0,0.0,1,put 10 hours to Capstone project
PMUMDXHW1IL,7,LowLoad,A,2026-09-29 08:45:25.259000+00:00,6,36.0,9682.0,1.0,1,put 5 hours for CS 301
PMUMDXHW1IL,7,LowLoad,A,2026-09-29 08:45:59.102000+00:00,6,368.0,33122.0,0.0,1,put 5 hours for CS 301
PMUMDXHW1IL,7,LowLoad,A,2026-09-29 08:46:24.975000+00:00,6,63.0,19604.0,1.0,1,put 10 hours for Capstone project
PMUMDXHW1IL,8,HighLoad,A,2026-09-29 08:47:46.512000+00:00,5,20.0,24667.0,0.0,0,add 5 to eng 105
PMUMDXHW1IL,8,HighLoad,A,2026-09-29 08:48:27.123000+00:00,5,26.0,28933.0,2.0,1,add 2 to capstone project
PMUMDXHW1IL,8,HighLoad,A,2026-09-29 08:48:41.873000+00:00,5,33.0,8480.0,1.0,1,add 3 to stat 150
PMUMDXHW1IL,8,HighLoad,A,2026-09-29 08:49:03.291000+00:00,6,736.0,20892.0,0.0,1,put 10 hours to Capstone project
PMUMDXHW1IL,8,HighLoad,A,2026-09-29 08:49:36.419000+00:00,5,19.0,22297.0,6.0,1,add 1 to stat 150
PMUMDXHW1IL,9,HighLoad,C,2026-09-29 08:52:37.903000+00:00,3,42.0,40022.0,0.0,0,add intramular sports
PMUMDXHW1IL,9,HighLoad,C,2026-09-29 08:53:04.551000+00:00,6,54.0,19554.0,0.0,0,add 2 hours to intramular sports
PMUMDXHW1IL,9,HighLoad,C,2026-09-29 08:53:22.982000+00:00,6,41.0,9039.0,1.0,0,add 2 hours to intramular soccer
PMUMDXHW1IL,9,HighLoad,C,2026-09-29 08:54:01.048000+00:00,6,26.0,23053.0,0.0,0,put 2 hours to Intramural Soccer
PMUMDXHW1IL,9,HighLoad,C,2026-09-29 08:54:48.690000+00:00,7,22.0,27904.0,4.0,0,put 1 hour for Studio Art Collective
PMUMDXHW1IL,9,HighLoad,C,2026-09-29 08:55:12.538000+00:00,1,60.0,23244.0,0.0,0,hii
PMUMDXHW1IL,9,HighLoad,C,2026-09-29 08:55:37.643000+00:00,1,41.0,24220.0,0.0,0,add
PMUMDXHW1IL,9,HighLoad,C,2026-09-29 08:57:17.446000+00:00,4,46.0,93232.0,0.0,0,add Studio Art Collective
PMUMDXHW1IL,9,HighLoad,C,2026-09-29 08:57:36.022000+00:00,1,15.0,16155.0,0.0,0,add
PMUMDXHW1IL,9,HighLoad,C,2026-09-29 08:58:52.056000+00:00,3,25.0,65796.0,3.0,1,add Intramular Soccer
PMUMDXHW1IL,10,LowLoad,C,2026-09-29 09:00:25.244000+00:00,6,23.0,13135.0,1.0,0,put 1.5 hours for Debate Team
PMUMDXHW1IL,10,LowLoad,C,2026-09-29 09:01:05.171000+00:00,4,13.0,17036.0,1.0,0,add Studio Art Collective
PMUMDXHW1IL,10,LowLoad,C,2026-09-29 09:02:39.076000+00:00,4,20.0,83579.0,6.0,1,what is the issue
PMUMDXHW1IL,10,LowLoad,C,2026-09-29 09:03:38.550000+00:00,3,4.0,11077.0,3.0,1,delete chess club
PMUMDXHW1IL,10,LowLoad,C,2026-09-29 09:04:29.119000+00:00,6,225.0,48860.0,0.0,1,add 2 hours to intramular sports
PMUMDXHW1IL,10,LowLoad,C,2026-09-29 09:05:06.465000+00:00,3,273.0,36597.0,0.0,1,delete chess club
PMUMDXHW1IL,11,LowLoad,C,2026-09-29 09:06:28.802000+00:00,3,28.0,22325.0,4.0,0,delete Debate Team
PMUMDXHW1IL,11,LowLoad,C,2026-09-29 09:06:59.772000+00:00,4,9.0,1643.0,1.0,0,add Rock climbing club
PMUMDXHW1IL,12,HighLoad,C,2026-09-29 09:09:23.335000+00:00,4,25.0,61355.0,1.0,0,add peer tutoring volunteers
PMUMQER6JZK,1,LowLoad,C,2026-09-29 13:54:50.645000+00:00,3,22.0,54704.0,2.0,0,add Makerspace Club
PMUMQER6JZK,1,LowLoad,C,2026-09-29 13:55:20.597000+00:00,3,7.0,3255.0,14.0,0,add Debate club
PMUMQER6JZK,1,LowLoad,C,2026-09-29 13:55:57.437000+00:00,4,21.0,22223.0,0.0,1,add studio art collective
PMUMQER6JZK,1,LowLoad,C,2026-09-29 13:56:18.462000+00:00,2,56.0,19111.0,0.0,1,remove it
PMUMQER6JZK,1,LowLoad,C,2026-09-29 13:56:35.158000+00:00,4,42.0,8743.0,0.0,1,remove studio art collective
PMUMQER6JZK,1,LowLoad,C,2026-09-29 13:57:08.118000+00:00,3,6.0,487.0,46.0,1,add Climbing Club
PMUMQER6JZK,1,LowLoad,C,2026-09-29 13:57:30.951000+00:00,5,198.0,21079.0,0.0,1,add The Cadences (a cappella)
PMUMQER6JZK,1,LowLoad,C,2026-09-29 13:57:53.918000+00:00,4,145.0,20902.0,0.0,1,add Studio Art Collective
PMUMQER6JZK,1,LowLoad,C,2026-09-29 13:58:19.926000+00:00,4,150.0,23775.0,0.0,1,add Peer Tutoring Volunteers
PMUMQER6JZK,1,LowLoad,C,2026-09-29 13:59:16.694000+00:00,3,8.0,29255.0,7.0,1,remove debate team
PMUMQER6JZK,1,LowLoad,C,2026-09-29 13:59:31.062000+00:00,4,32.0,2454.0,0.0,1,add international students mixer
PMUMQER6JZK,1,LowLoad,C,2026-09-29 13:59:59.558000+00:00,3,111.0,26222.0,0.0,1,add Intramural Soccer
PMUMQER6JZK,1,LowLoad,C,2026-09-29 14:01:24.918000+00:00,3,17.0,68518.0,2.0,1,remove Intramural Soccer
PMUMQER6JZK,1,LowLoad,C,2026-09-29 14:02:09.670000+00:00,4,22.0,27902.0,2.0,1,remove peer tutoring activities
PMUMQER6JZK,2,HighLoad,C,2026-09-29 14:05:30.174000+00:00,3,31.0,122569.0,0.0,0,remove chess club
PMUMQER6JZK,2,HighLoad,C,2026-09-29 14:05:54.430000+00:00,3,31.0,18422.0,0.0,1,add debate team
PMUMQER6JZK,3,LowLoad,C,2026-09-29 14:07:55.407000+00:00,5,41.0,52121.0,1.0,0,remove The Cadences (a cappella)
PMUMQER6JZK,3,LowLoad,C,2026-09-29 14:08:07.590000+00:00,3,25.0,5550.0,0.0,0,add chess club
PMUMQER6JZK,3,LowLoad,C,2026-09-29 14:08:30.006000+00:00,3,54.0,17742.0,0.0,1,add Intramural Soccer
PMUMQER6JZK,3,LowLoad,C,2026-09-29 14:08:53.734000+00:00,3,38.0,17335.0,0.0,1,remove rock climbing
PMUMQER6JZK,3,LowLoad,C,2026-09-29 14:09:17.582000+00:00,2,10.0,29.0,0.0,1,\remove internatinal
PMUMQER6JZK,3,LowLoad,C,2026-09-29 14:09:43.207000+00:00,4,38.0,14477.0,5.0,1,remove international students mixer
PMUMQER6JZK,4,HighLoad,C,2026-09-29 14:11:43.463000+00:00,4,5.0,18800.0,16.0,0,remove Studio Art Collective
PMUMQER6JZK,4,HighLoad,C,2026-09-29 14:12:41.231000+00:00,3,24.0,49277.0,1.0,1,remove chess club
PMUMQER6JZK,5,LowLoad,A,2026-09-29 14:17:06.781000+00:00,2,4.0,26371.0,1.0,0,remove capstone
PMUMQER6JZK,5,LowLoad,A,2026-09-29 14:17:41.389000+00:00,9,37.0,16871.0,1.0,0,increase time alloted for organic chemistry to 10 hours
PMUMQER6JZK,5,LowLoad,A,2026-09-29 14:18:00.942000+00:00,9,660000.0,19551.0,0.0,0,increase time alloted for organic chemistry to 10 hours
PMUMQER6JZK,5,LowLoad,A,2026-09-29 14:18:35.645000+00:00,3,8.0,6206.0,0.0,1,add capstone project
PMUMQER6JZK,5,LowLoad,A,2026-09-29 14:18:56.414000+00:00,5,35.0,12582.0,0.0,1,add 10 hours to capstone
PMUMQER6JZK,5,LowLoad,A,2026-09-29 14:19:16.070000+00:00,5,21.0,5158.0,0.0,1,add 3 hours to statistics
PMUMQER6JZK,5,LowLoad,A,2026-09-29 14:19:41.502000+00:00,5,11.0,2046.0,3.0,1,Add 3 hours to history
PMUMQER6JZK,6,HighLoad,A,2026-09-29 14:22:39.982000+00:00,5,6.0,99720.0,0.0,0,add 4 hours to chem
PMUMQER6JZK,6,HighLoad,A,2026-09-29 14:23:24.718000+00:00,5,11.0,14814.0,0.0,1,remove 7 hours from capstone
PMUMQER6JZK,6,HighLoad,A,2026-09-29 14:24:09.734000+00:00,6,20.0,22421.0,0.0,1,remove 7 hours from organic chemistry
PMUMQER6JZK,6,HighLoad,A,2026-09-29 14:24:25.670000+00:00,6,23.0,508.0,3.0,1,add 7 hours ti midterm revieew
PMUMQER6JZK,6,HighLoad,A,2026-09-29 14:24:50.446000+00:00,5,47.0,17878.0,0.0,1,remove 1 hour from capstone
PMUMQER6JZK,6,HighLoad,A,2026-09-29 14:25:09.358000+00:00,5,23.0,5502.0,0.0,1,remove 1 hour from organic
PMUMQER6JZK,6,HighLoad,A,2026-09-29 14:25:43.406000+00:00,5,21.0,18861.0,2.0,1,remove 2 hours from organic
PMUMQER6JZK,6,HighLoad,A,2026-09-29 14:26:41.030000+00:00,12,26.0,26981.0,2.0,1,"remove 2 hours from statictics, capstone and add 3 hours to organic"
PMUMQER6JZK,6,HighLoad,A,2026-09-29 14:28:23.910000+00:00,11,18.0,69326.0,3.0,1,remove 3 hours from chem 210 and add it to capstone
PMUMQER6JZK,6,HighLoad,A,2026-09-29 14:29:39.486000+00:00,11,26.0,49357.0,3.0,1,remove 1 hour from review and add it to organic chemistry
PMUMQER6JZK,6,HighLoad,A,2026-09-29 14:30:15.599000+00:00,11,56.0,23725.0,0.0,1,remove 1 hour from history and add it to organic chemistry
PMUMQER6JZK,7,LowLoad,A,2026-09-29 14:31:20.390000+00:00,5,26.0,9531.0,0.0,0,add 10 hours to cs301
PMUMQER6JZK,8,HighLoad,A,2026-09-29 14:32:40.567000+00:00,5,20.0,16773.0,0.0,0,add 3 hours to eng
PMUMQER6JZK,8,HighLoad,A,2026-09-29 14:33:00.487000+00:00,5,16.0,2484.0,0.0,1,remove 1 hour from chem
PMUMQER6JZK,8,HighLoad,A,2026-09-29 14:33:21.455000+00:00,6,35.0,13034.0,0.0,1,add 3 hours to stat 150
PMUMQER6JZK,8,HighLoad,A,2026-09-29 14:34:05.759000+00:00,11,24.0,21612.0,0.0,1,remove 3 hours from stat 150 and add it to eng
PMUMQER6JZK,8,HighLoad,A,2026-09-29 14:34:11.383000+00:00,5,53.0,395.0,0.0,1,add 2 hours to capstone
PMUMQER6JZK,9,LowLoad,B,2026-09-29 14:35:50.157000+00:00,3,9.0,9238.0,3.0,0,add ds 210
PMUMQER6JZK,9,LowLoad,B,2026-09-29 14:36:08.509000+00:00,3,62.0,16014.0,0.0,0,add INTL 301
PMUMQER6JZK,9,LowLoad,B,2026-09-29 14:36:23.813000+00:00,3,21.0,9108.0,34.0,1,add ART 101
PMUMQER6JZK,9,LowLoad,B,2026-09-29 14:37:04.197000+00:00,13,76.0,30126.0,0.0,1,remove ART 101 — Intro to Visual Art (available) and add ECON 105
PMUMQER6JZK,9,LowLoad,B,2026-09-29 14:38:09.365000+00:00,7,34.0,55308.0,1.0,1,remove ds 210 and add ds 220
PMUMQER6JZK,9,LowLoad,B,2026-09-29 14:38:36.845000+00:00,4,7.0,247.0,0.0,1,can you tell that
PMUMQER6JZK,9,LowLoad,B,2026-09-29 14:39:34.077000+00:00,7,22.0,39613.0,6.0,1,remove econ 105 and add phil 110
PMUMQER6JZK,9,LowLoad,B,2026-09-29 14:40:13.661000+00:00,6,8.0,238.0,0.0,1,remove intl 301 and add 250
PMUMQER6JZK,9,LowLoad,B,2026-09-29 14:40:47.733000+00:00,7,31.0,24125.0,0.0,1,drop ds 400 and add ds 210
PMUMQER6JZK,10,HighLoad,B,2026-09-29 14:42:43.550000+00:00,3,41.0,63751.0,0.0,0,removve intl  250
PMUMQER6JZK,10,HighLoad,B,2026-09-29 14:44:09.686000+00:00,7,29.0,72373.0,0.0,1,remove phil 110   and add art 101
PMUMQER6JZK,11,LowLoad,B,2026-09-29 14:45:49.702000+00:00,7,23.0,41901.0,0.0,0,remove lang 202 and add phi; 110
PMUMQER6JZK,11,LowLoad,B,2026-09-29 14:46:04.814000+00:00,3,26.0,9468.0,0.0,0,add lang 202
PMUMQER6JZK,11,LowLoad,B,2026-09-29 14:46:44.246000+00:00,7,28.0,27371.0,1.0,1,remove ds 220 and add ds 310
PMUMQER6JZK,11,LowLoad,B,2026-09-29 14:47:29.310000+00:00,4,14.0,25820.0,1.0,1,remove   lang add econ
PMUMQER6JZK,11,LowLoad,B,2026-09-29 14:47:56.894000+00:00,4,28.0,18948.0,0.0,1,remove phil add lang
PMUMQER6JZK,11,LowLoad,B,2026-09-29 14:48:18.614000+00:00,6,41.0,13603.0,1.0,1,remove phil 110 add lang 202
PMUMQER6JZK,12,HighLoad,B,2026-09-29 14:50:54.638000+00:00,2,73.0,86978.0,0.0,0,remove math
PMUMQER6JZK,12,HighLoad,B,2026-09-29 14:51:43.814000+00:00,7,33.0,37379.0,0.0,1,remove lang 202 and add intl 301
PMUMQER6JZK,12,HighLoad,B,2026-09-29 14:52:22.190000+00:00,7,10.0,1737.0,0.0,1,add lang 202 and remove intl 301
PMUMQER6JZK,12,HighLoad,B,2026-09-29 14:52:39.264000+00:00,7,40.0,7426.0,0.0,1,remove intl 250 and add intl 220
PMUMQER6JZK,12,HighLoad,B,2026-09-29 14:56:22.222000+00:00,7,2.0,7.0,17.0,1,remove lang 202 and add intl 250
PMUMQER6JZK,12,HighLoad,B,2026-09-29 14:56:35.463000+00:00,7,128000.0,13234.0,0.0,1,remove lang 202 and add intl 250
PMUMQER6JZK,12,HighLoad,B,2026-09-29 14:58:11.295000+00:00,7,128000.0,95826.0,0.0,1,remove lang 202 and add intl 250
PMUMQG3HEY4,1,HighLoad,A,2026-09-29 13:56:16.615000+00:00,7,17.0,54261.0,9.0,0,change chem 210's study hours to 7
PMUMQG3HEY4,1,HighLoad,A,2026-09-29 13:56:53.823000+00:00,6,12.0,13144.0,16.0,0,now change hist 240 to 6
PMUMQG3HEY4,1,HighLoad,A,2026-09-29 13:57:32.320000+00:00,6,45.0,30479.0,0.0,1,what should i exactly do here?
PMUMQG3HEY4,1,HighLoad,A,2026-09-29 13:58:19.727000+00:00,12,34.0,27837.0,1.0,1,ok so i need to spend entire 40 hours in studying right?
PMUMQG3HEY4,1,HighLoad,A,2026-09-29 13:59:23.832000+00:00,13,19.0,30702.0,2.0,1,"now put chem 210 to 10 hrs,stat to 7hrs hist to 12 hrs"
PMUMQG3HEY4,1,HighLoad,A,2026-09-29 13:59:51.982000+00:00,7,29.0,12901.0,0.0,1,and change capstone project to 11 hrs
PMUMQG3HEY4,1,HighLoad,A,2026-09-29 14:00:30.600000+00:00,6,23.0,19527.0,0.0,1,keep capstone project 5 hours itself
PMUMQG3HEY4,1,HighLoad,A,2026-09-29 14:01:20.772000+00:00,10,42.0,36004.0,0.0,1,put 8 hours for chemistry and 7 hours for capstone
PMUMQG3HEY4,2,LowLoad,A,2026-09-29 14:03:03.222000+00:00,7,41.0,22007.0,0.0,0,can you explain again the week's plan
PMUMQG3HEY4,2,LowLoad,A,2026-09-29 14:03:30.599000+00:00,7,0.0,0.0,0.0,0,can you explain again the week's plan
PMUMQG3HEY4,2,LowLoad,A,2026-09-29 14:04:14.837000+00:00,3,37.0,40380.0,0.0,1,ok what next
PMUMQG3HEY4,2,LowLoad,A,2026-09-29 14:05:00.680000+00:00,11,28.0,23215.0,0.0,1,oke increse sat to 9.5 hrs and capstone to 9.5 hours
PMUMQG3HEY4,2,LowLoad,A,2026-09-29 14:05:30.094000+00:00,7,23.0,16802.0,0.0,1,chem to 9 and hist to 11
PMUMQG3HEY4,2,LowLoad,A,2026-09-29 14:06:25.093000+00:00,10,23.0,31307.0,3.0,1,i must get my week packed upto 42 hours right?
PMUMQG3HEY4,2,LowLoad,A,2026-09-29 14:06:40.016000+00:00,10,138000.0,14917.0,0.0,1,i must get my week packed upto 42 hours right?
PMUMQG3HEY4,2,LowLoad,A,2026-09-29 14:06:51.439000+00:00,10,138000.0,11418.0,0.0,1,i must get my week packed upto 42 hours right?
PMUMQG3HEY4,2,LowLoad,A,2026-09-29 14:07:06.940000+00:00,2,18.0,10788.0,3.0,1,ok cool
PMUMQG3HEY4,2,LowLoad,A,2026-09-29 14:07:59.815000+00:00,15,19.0,637.0,2.0,1,now change organic chemistry to 12hours stat to 10 hours AND capstone to 10 hours
PMUMQG3HEY4,2,LowLoad,A,2026-09-29 14:08:28.917000+00:00,8,29.0,10757.0,6.0,1,no sorry change oragnic chemistry to 11 hours
PMUMQG3HEY4,2,LowLoad,A,2026-09-29 14:09:09.694000+00:00,9,36.0,27971.0,0.0,1,change chem to 12 hours and hist to 10
PMUMQG3HEY4,2,LowLoad,A,2026-09-29 14:09:55.013000+00:00,10,58.0,36835.0,0.0,1,so i need to put more time to chem right?
PMUMQG3HEY4,2,LowLoad,A,2026-09-29 14:10:48.805000+00:00,10,42.0,37668.0,0.0,1,oops i didnt actually see the chem midterm review session
PMUMQG3HEY4,2,LowLoad,A,2026-09-29 14:11:32.037000+00:00,19,24.0,813.0,2.0,1,now change the chem midterm session to 5 and oragnic to 10 hist to 9 and captone to 8
PMUMQG3HEY4,3,HighLoad,A,2026-09-29 14:13:52.464000+00:00,5,23.0,74119.0,0.0,0,put cs 301 to 3
PMUMQG3HEY4,3,HighLoad,A,2026-09-29 14:14:34.957000+00:00,6,37.0,33382.0,1.0,1,how much rest should i have?
PMUMQG3HEY4,3,HighLoad,A,2026-09-29 14:14:56.469000+00:00,4,12.0,4309.0,0.0,1,cahnege stat to 7
PMUMQG3HEY4,4,LowLoad,A,2026-09-29 14:16:49.853000+00:00,5,55.0,16024.0,0.0,0,ok buffer how mnay hours?
PMUMQG3HEY4,4,LowLoad,A,2026-09-29 14:17:00.549000+00:00,4,32.0,4734.0,1.0,0,eng writing to 6
PMUMQG3HEY4,4,LowLoad,A,2026-09-29 14:17:41.308000+00:00,9,25.0,24746.0,0.0,1,stat to 10 eng to 8 capstone to 10
PMUMQG3HEY4,4,LowLoad,A,2026-09-29 14:18:21.301000+00:00,12,24.0,14572.0,2.0,1,now change eng to 10 chem to 10.5 and stat to 10.5
PMUMQG3HEY4,4,LowLoad,A,2026-09-29 14:18:41.757000+00:00,3,24.0,13449.0,1.0,1,capstone to 11
PMUMQG3HEY4,4,LowLoad,A,2026-09-29 14:18:51.345000+00:00,3,21000.0,9578.0,0.0,1,capstone to 11
PMUMQG3HEY4,5,HighLoad,C,2026-09-29 14:23:54.353000+00:00,5,7.0,39006.0,3.0,0,what should i exactly do
PMUMQG3HEY4,5,HighLoad,C,2026-09-29 14:24:33.808000+00:00,7,26.0,25812.0,12.0,1,how many rest hours do i have?
PMUMQG3HEY4,5,HighLoad,C,2026-09-29 14:24:45.206000+00:00,7,0.0,0.0,0.0,1,how many rest hours do i have?
PMUMQG3HEY4,5,HighLoad,C,2026-09-29 14:25:10.980000+00:00,7,0.0,0.0,0.0,1,how many rest hours do i have?
PMUMQG3HEY4,5,HighLoad,C,2026-09-29 14:25:20.484000+00:00,7,0.0,0.0,0.0,1,how many rest hours do i have?
PMUMQG3HEY4,5,HighLoad,C,2026-09-29 14:25:49.849000+00:00,8,30.0,15946.0,0.0,1,change roboics to 4 and chess to 3
PMUMQG3HEY4,5,HighLoad,C,2026-09-29 14:26:19.552000+00:00,4,32.0,21756.0,0.0,1,oke now removw debate
PMUMQG3HEY4,5,HighLoad,C,2026-09-29 14:26:54.639000+00:00,4,31.0,27012.0,1.0,1,oke then remove chess
PMUMQG3HEY4,5,HighLoad,C,2026-09-29 14:27:25.593000+00:00,9,39.0,16693.0,1.0,1,and add the time invested in chess to robotics
PMUMQG3HEY4,5,HighLoad,C,2026-09-29 14:28:16.696000+00:00,4,43.0,44696.0,0.0,1,incarease robotics to 4
PMUMQG3HEY4,5,HighLoad,C,2026-09-29 14:28:47.408000+00:00,2,52.0,27271.0,0.0,1,remove robotics
PMUMQG3HEY4,5,HighLoad,C,2026-09-29 14:29:05.424000+00:00,5,43.0,9972.0,1.0,1,bring back robotics and chess
PMUMQG3HEY4,5,HighLoad,C,2026-09-29 14:29:29.961000+00:00,4,31.0,16435.0,0.0,1,now bring debate team
PMUMQG3HEY4,5,HighLoad,C,2026-09-29 14:30:04.829000+00:00,6,27.0,16908.0,3.0,1,bring rock climbing and intramural soccer
PMUMQG3HEY4,5,HighLoad,C,2026-09-29 14:30:29.953000+00:00,7,34.0,8842.0,0.0,1,peer voluntering and studio art collective too
PMUMQG3HEY4,5,HighLoad,C,2026-09-29 14:30:55.273000+00:00,2,55.0,22266.0,0.0,1,peer cancelled
PMUMQG3HEY4,5,HighLoad,C,2026-09-29 14:31:40.089000+00:00,2,40.0,40866.0,0.0,1,drop robotics
PMUMQG3HEY4,6,LowLoad,C,2026-09-29 14:33:29.064000+00:00,5,46.0,56306.0,0.0,0,what are those two activities?
PMUMQG3HEY4,6,LowLoad,C,2026-09-29 14:33:58.903000+00:00,7,39.0,13682.0,2.0,0,so cancel either inetrnationalstudent mixer or chess
PMUMQG3HEY4,7,HighLoad,C,2026-09-29 14:35:28.129000+00:00,7,54.0,27440.0,0.0,0,why does this go over the cap
PMUMQG3HEY4,7,HighLoad,C,2026-09-29 14:36:13.104000+00:00,5,35.0,35329.0,0.0,1,add cadences to my schedeile
PMUMQG3HEY4,7,HighLoad,C,2026-09-29 14:36:26.536000+00:00,5,91.0,9851.0,5.0,1,add cadences to my schedule
PMUMQG3HEY4,7,HighLoad,C,2026-09-29 14:36:44.364000+00:00,1,31.0,16680.0,0.0,1,why
PMUMQG3HEY4,7,HighLoad,C,2026-09-29 14:36:59.135000+00:00,2,42.0,9312.0,1.0,1,why?explain clearly
PMUMQG3HEY4,8,LowLoad,C,2026-09-29 14:38:14.768000+00:00,7,16.0,3621.0,1.0,0,why does that go over the cap?
PMUMQG3HEY4,8,LowLoad,C,2026-09-29 14:38:29.152000+00:00,7,90000.0,14377.0,0.0,0,why does that go over the cap?
PMUMQG3HEY4,8,LowLoad,C,2026-09-29 14:39:06.729000+00:00,8,36.0,27355.0,2.0,1,so wht can i do to change this?
PMUMQG3HEY4,8,LowLoad,C,2026-09-29 14:39:26.864000+00:00,4,50.0,16288.0,0.0,1,drop one of them
PMUMQG3HEY4,8,LowLoad,C,2026-09-29 14:39:42.040000+00:00,1,21.0,11754.0,2.0,1,debate
PMUMQG3HEY4,8,LowLoad,C,2026-09-29 14:40:03.520000+00:00,3,44.0,18995.0,0.0,1,yes do it
PMUMQG3HEY4,9,HighLoad,B,2026-09-29 14:42:49.171000+00:00,9,28.0,24424.0,0.0,0,increase  major credits to 8 cr by adding ds310
PMUMQG3HEY4,9,HighLoad,B,2026-09-29 14:43:22.235000+00:00,5,36.0,26469.0,0.0,0,add INTL 250 as well
PMUMQG3HEY4,9,HighLoad,B,2026-09-29 14:43:45.772000+00:00,3,25.0,17821.0,1.0,1,add ECON 105
PMUMQG3HEY4,9,HighLoad,B,2026-09-29 14:44:05.373000+00:00,3,61.0,17043.0,0.0,1,what is that?
PMUMQG3HEY4,9,HighLoad,B,2026-09-29 14:44:27.630000+00:00,5,37.0,15720.0,1.0,1,so what should i do?
PMUMQG3HEY4,9,HighLoad,B,2026-09-29 14:45:01.796000+00:00,3,55.0,31970.0,0.0,1,yeah do it
PMUMQG3HEY4,9,HighLoad,B,2026-09-29 14:45:17.741000+00:00,3,40000.0,15939.0,0.0,1,yeah do it
PMUMQG3HEY4,9,HighLoad,B,2026-09-29 14:45:41.813000+00:00,3,9.0,768.0,19.0,1,Swap the electives
PMUMQG3HEY4,9,HighLoad,B,2026-09-29 14:46:24.173000+00:00,10,19.0,14520.0,1.0,1,wiat add econ 105 and swap ds 400 with ds310
PMUMQG3HEY4,9,HighLoad,B,2026-09-29 14:46:35.459000+00:00,10,63.0,2913.0,6.0,1,wiat add econ 105 and swap ds 400 with ds400
PMUMQG3HEY4,9,HighLoad,B,2026-09-29 14:46:51.980000+00:00,5,32.0,8748.0,49.0,1,what should i do now?
PMUMQG3HEY4,9,HighLoad,B,2026-09-29 14:47:09.100000+00:00,3,24.0,11204.0,0.0,1,add math 215
PMUMQG3HEY4,9,HighLoad,B,2026-09-29 14:47:38.123000+00:00,7,52.0,22057.0,0.0,1,add math 215 and remove DS 400
PMUMQG3HEY4,9,HighLoad,B,2026-09-29 14:47:58.020000+00:00,5,48.0,14634.0,0.0,1,now what should i do?
PMUMQG3HEY4,9,HighLoad,B,2026-09-29 14:48:50.203000+00:00,5,26.0,39081.0,0.0,1,ok consider DS210 And ART101
PMUMQG3HEY4,9,HighLoad,B,2026-09-29 14:49:14.045000+00:00,3,31.0,18803.0,1.0,1,yeah add them
PMUMQG3HEY4,9,HighLoad,B,2026-09-29 14:49:41.177000+00:00,3,32.0,21528.0,0.0,1,remove MATH 215
PMUMQG3HEY4,9,HighLoad,B,2026-09-29 14:50:25.772000+00:00,7,27.0,32821.0,0.0,1,Drop DS 310 and add DS 220
PMUMQG3HEY4,9,HighLoad,B,2026-09-29 14:50:43.421000+00:00,7,78000.0,17640.0,0.0,1,Drop DS 310 and add DS 220
PMUMQG3HEY4,10,LowLoad,B,2026-09-29 14:52:05.700000+00:00,5,34.0,25428.0,0.0,0,what should i exactly do?
PMUMQG3HEY4,10,LowLoad,B,2026-09-29 14:52:36.637000+00:00,5,75000.0,30927.0,0.0,0,what should i exactly do?
PMUMQG3HEY4,10,LowLoad,B,2026-09-29 14:53:06.228000+00:00,4,16.0,16182.0,1.0,0,ok remove INTL 301
PMUMQG3HEY4,10,LowLoad,B,2026-09-29 14:53:28.900000+00:00,3,14.0,9897.0,2.0,1,remove PHIL 110
PMUMQG3HEY4,11,HighLoad,B,2026-09-29 14:55:15.420000+00:00,5,9.0,41514.0,14.0,0,ok now add Phil 101
PMUMQG3HEY4,11,HighLoad,B,2026-09-29 14:55:29.919000+00:00,5,45600.0,14490.0,0.0,0,ok now add Phil 101
PMUMQG3HEY4,11,HighLoad,B,2026-09-29 14:55:50.405000+00:00,5,34.0,13325.0,1.0,1,now what shall i do?
PMUMQG3HEY4,11,HighLoad,B,2026-09-29 14:56:16.393000+00:00,4,28.0,18727.0,1.0,1,add econ 101 then
PMUMQG3HEY4,11,HighLoad,B,2026-09-29 14:56:37.208000+00:00,3,29.0,14130.0,5.0,1,add ECON101 then
PMUMQG3HEY4,11,HighLoad,B,2026-09-29 14:57:01.168000+00:00,5,45.0,19389.0,0.0,1,what do i do now?
PMUMQG3HEY4,11,HighLoad,B,2026-09-29 14:57:09.428000+00:00,5,51000.0,8253.0,0.0,1,what do i do now?
PMUMQG3HEY4,12,LowLoad,B,2026-09-29 14:58:35.996000+00:00,9,42.0,8181.0,0.0,0,tell me excatly where i must make a cahnge
PMUMQG3HEY4,12,LowLoad,B,2026-09-29 14:58:52.068000+00:00,9,100800.0,16061.0,0.0,0,tell me excatly where i must make a cahnge
PMUMQG3HEY4,12,LowLoad,B,2026-09-29 14:59:08.451000+00:00,4,45.0,11004.0,0.0,0,what should i remove
PMUMQG3HEY4,12,LowLoad,B,2026-09-29 14:59:32.797000+00:00,4,11.0,2864.0,0.0,0,what should i remove
PMUMQG3HEY4,12,LowLoad,B,2026-09-29 15:00:09.763000+00:00,2,17.0,28549.0,32.0,0,remove DS310
PMUMQG3HEY4,12,LowLoad,B,2026-09-29 15:00:18.300000+00:00,2,28800.0,8528.0,0.0,0,remove DS310
PMUMQG3HEY4,12,LowLoad,B,2026-09-29 15:01:14.971000+00:00,4,28.0,50147.0,20.0,0,what will i do?
PMUMQG3HEY4,12,LowLoad,B,2026-09-29 15:01:27.314000+00:00,4,30000.0,12331.0,0.0,0,what will i do?
PMUMQG3HEY4,12,LowLoad,B,2026-09-29 15:03:31.500000+00:00,1,0.0,25519.0,51.0,0,..
PMUMQG3HEY4,12,LowLoad,B,2026-09-29 15:06:19.602000+00:00,1,0.0,7681.0,2.0,0,..
PMUMQG3HEY4,12,LowLoad,B,2026-09-29 15:06:42.115000+00:00,3,35.0,17414.0,0.0,1,remove lang 202
PMUMQG3HEY4,12,LowLoad,B,2026-09-29 15:06:53.547000+00:00,3,21.0,3846.0,0.0,1,add intil 301
PMUMQG3HEY4,12,LowLoad,B,2026-09-29 15:07:13.934000+00:00,3,41.0,16559.0,0.0,1,remove ds 301
PMUMQG3HEY4,12,LowLoad,B,2026-09-29 15:07:25.731000+00:00,2,37.0,7883.0,0.0,1,remove ds310
PMUMQG3HEY4,12,LowLoad,B,2026-09-29 15:07:41.475000+00:00,3,31.0,9920.0,0.0,1,remove math 215
PMUMQG3HEY4,12,LowLoad,B,2026-09-29 15:08:29.619000+00:00,6,8.0,2930.0,1.0,1,remove intil 301 and add lang202
PMUMQHFT3NI,1,HighLoad,A,2026-09-29 13:57:15.816000+00:00,6,4.0,124169.0,5.0,0,put 5 hours for chem 210
PMUMQHFT3NI,1,HighLoad,A,2026-09-29 13:58:08.944000+00:00,57,5448.0,52454.0,0.0,1,"This week's plan is due for advisor review ahead of your midterm check-in. Build a study-hours plan across Chem 210, Stat 150, Hist 240, and your capstone that actually covers what each of them needs this week — not just one that looks reasonable at a glance. Your total for the week is capped at 40 hours."
PMUMQHFT3NI,1,HighLoad,A,2026-09-29 13:58:37.560000+00:00,2,19.0,23624.0,0.0,1,chem 210
PMUMQHFT3NI,1,HighLoad,A,2026-09-29 13:58:57.128000+00:00,3,28.0,16109.0,0.0,1,ok do it
PMUMQHFT3NI,1,HighLoad,A,2026-09-29 13:59:48.168000+00:00,6,27.0,40041.0,2.0,1,"yes, change it to 7 hours"
PMUMQHFT3NI,1,HighLoad,A,2026-09-29 14:00:30.824000+00:00,9,31.0,24641.0,0.0,1,now change capstone project to 7 hours as well
PMUMQHFT3NI,1,HighLoad,A,2026-09-29 14:00:46.672000+00:00,5,38.0,9552.0,0.0,1,chem 210  to 6 hours
PMUMQHFT3NI,1,HighLoad,A,2026-09-29 14:01:07.912000+00:00,7,37.0,7779.0,2.0,1,change the other two as well appropriately
PMUMQHFT3NI,1,HighLoad,A,2026-09-29 14:02:09.704000+00:00,2,2.0,24558.0,42.0,1,ok then
PMUMQHFT3NI,2,HighLoad,A,2026-09-29 14:05:40.745000+00:00,69,79.0,33323.0,4.0,0,"Plan quality this week: 100% (counts toward your plan-quality bonus). Moving on.
Chem 210's midterm just got moved up, and your professor's added a required review session on top of it. Your plan from last week needs a fresh look — make sure it still genuinely covers everything, Chem 210 and the new review session included, before it goes back to your advisor. (Weekly cap is still 40 hours.)"
PMUMQHFT3NI,2,HighLoad,A,2026-09-29 14:06:36.393000+00:00,6,20.0,43204.0,1.0,1,put chem 210 to 5 hrs
PMUMQHFT3NI,2,HighLoad,A,2026-09-29 14:08:01.280000+00:00,2,46.0,83078.0,0.0,1,undo it
PMUMQHFT3NI,2,HighLoad,A,2026-09-29 14:08:27.607000+00:00,10,63.0,16924.0,0.0,1,put CHEM 210 -- Midterm Review Session to 5 hours
PMUMQHFT3NI,2,HighLoad,A,2026-09-29 14:09:10.496000+00:00,6,33.0,34624.0,0.0,1,put chem 210 to 9 hours
PMUMQHFT3NI,2,HighLoad,A,2026-09-29 14:10:12.233000+00:00,14,29.0,33261.0,3.0,1,suggest me plan for other subjects to too for fulfill he 40 hours need
PMUMQHFT3NI,2,HighLoad,A,2026-09-29 14:10:37.880000+00:00,14,0.0,0.0,0.0,1,suggest me plan for other subjects to too for fulfill he 40 hours need
PMUMQHFT3NI,2,HighLoad,A,2026-09-29 14:10:58.720000+00:00,14,0.0,0.0,0.0,1,suggest me plan for other subjects to too for fulfill he 40 hours need
PMUMQHFT3NI,2,HighLoad,A,2026-09-29 14:11:13.145000+00:00,2,31.0,12478.0,1.0,1,do it
PMUMQHFT3NI,2,HighLoad,A,2026-09-29 14:11:42.787000+00:00,2,0.0,0.0,0.0,1,do it
PMUMQHFT3NI,2,HighLoad,A,2026-09-29 14:12:24.697000+00:00,5,21.0,30268.0,0.0,1,put hist to 5  hours
PMUMQHFT3NI,2,HighLoad,A,2026-09-29 14:12:52.024000+00:00,5,22.0,16861.0,0.0,1,put stat to 7 hours
PMUMQHFT3NI,2,HighLoad,A,2026-09-29 14:13:08.333000+00:00,5,0.0,0.0,0.0,1,put stat to 7 hours
PMUMQHFT3NI,3,LowLoad,A,2026-09-29 14:15:14.826000+00:00,24,2497.0,27939.0,0.0,0,"it works, but it carries a lot more than it needed to. Plan quality this week: 12% (counts toward your plan-quality bonus). Moving on."
PMUMQHFT3NI,3,LowLoad,A,2026-09-29 14:15:43.545000+00:00,6,22.0,16386.0,1.0,0,put chem 210 to 6 hours
PMUMQHFT3NI,3,LowLoad,A,2026-09-29 14:16:01.945000+00:00,6,16.0,1381.0,0.0,0,put chem 210 to 6 hours
PMUMQHFT3NI,3,LowLoad,A,2026-09-29 14:16:12.301000+00:00,6,0.0,0.0,0.0,0,put chem 210 to 6 hours
PMUMQHFT3NI,3,LowLoad,A,2026-09-29 14:16:35.121000+00:00,6,26.0,11770.0,0.0,1,put stat  150 to 3 hpurs
PMUMQHFT3NI,3,LowLoad,A,2026-09-29 14:16:57.249000+00:00,6,24.0,11494.0,0.0,1,put cs 301 to 2 hours
PMUMQHFT3NI,3,LowLoad,A,2026-09-29 14:17:06.985000+00:00,6,0.0,0.0,0.0,1,put cs 301 to 2 hours
PMUMQHFT3NI,3,LowLoad,A,2026-09-29 14:17:54.321000+00:00,6,35.0,36638.0,0.0,1,put capstone project to 6 hours
PMUMQHFT3NI,3,LowLoad,A,2026-09-29 14:18:09.505000+00:00,6,31.0,6949.0,0.0,1,put cs 301 to 4 hours
PMUMQHFT3NI,3,LowLoad,A,2026-09-29 14:18:26.074000+00:00,6,30.0,7334.0,0.0,1,put chem 210 to 4 hours
PMUMQHFT3NI,3,LowLoad,A,2026-09-29 14:18:47.825000+00:00,6,52.0,14637.0,0.0,1,put capstone project to 4 hours
PMUMQHFT3NI,4,LowLoad,A,2026-09-29 14:20:19.570000+00:00,6,10.0,17966.0,10.0,0,put English 105 to 3 hours
PMUMQHFT3NI,4,LowLoad,A,2026-09-29 14:20:57.074000+00:00,6,13.0,14611.0,8.0,0,"ok,put it to 2 hours then"
PMUMQHFT3NI,4,LowLoad,A,2026-09-29 14:21:07.351000+00:00,6,0.0,0.0,0.0,0,"ok,put it to 2 hours then"
PMUMQHFT3NI,4,LowLoad,A,2026-09-29 14:21:15.806000+00:00,6,0.0,0.0,0.0,0,"ok,put it to 2 hours then"
PMUMQHFT3NI,4,LowLoad,A,2026-09-29 14:21:28.937000+00:00,6,30.0,2847.0,1.0,1,put English 105 to 2 hours
PMUMQHFT3NI,4,LowLoad,A,2026-09-29 14:21:53.691000+00:00,6,30.0,12549.0,0.0,1,put capstone project to 7 hours
PMUMQHFT3NI,4,LowLoad,A,2026-09-29 14:22:14.691000+00:00,6,14.0,1666.0,1.0,1,put chem 210 to 6 hours
PMUMQHFT3NI,4,LowLoad,A,2026-09-29 14:22:29.216000+00:00,6,44.0,8226.0,4.0,1,put chem 210 to 6 hours
PMUMQHFT3NI,4,LowLoad,A,2026-09-29 14:23:13.243000+00:00,6,27.0,32325.0,1.0,1,put English 105 to 6 hours
PMUMQHFT3NI,5,HighLoad,B,2026-09-29 14:26:57.801000+00:00,48,3352.0,14361.0,0.0,0,"put stat 15Your course selections this term lock in your actual registration — the registrar checks them against your degree requirements before enrollment opens. Build a slate across Major (8+ credits), your Global Studies Minor (6+ credits), and Elective (3+ credits) that stays within this term's 17-credit cap."
PMUMQHFT3NI,5,HighLoad,B,2026-09-29 14:29:10.120000+00:00,3,23.0,125028.0,0.0,0,include DS 210
PMUMQHFT3NI,5,HighLoad,B,2026-09-29 14:29:27.467000+00:00,3,0.0,0.0,0.0,0,include DS 210
PMUMQHFT3NI,5,HighLoad,B,2026-09-29 14:30:05.119000+00:00,3,31.0,31379.0,2.0,1,include math 215
PMUMQHFT3NI,5,HighLoad,B,2026-09-29 14:30:21.872000+00:00,2,32.0,14142.0,0.0,1,undo it
PMUMQHFT3NI,5,HighLoad,B,2026-09-29 14:30:33.895000+00:00,3,41.0,7342.0,0.0,1,include lang 202
PMUMQHFT3NI,5,HighLoad,B,2026-09-29 14:31:05.312000+00:00,3,27.0,24318.0,2.0,1,include econ 105
PMUMQHFT3NI,5,HighLoad,B,2026-09-29 14:31:13.828000+00:00,3,0.0,0.0,0.0,1,include econ 105
PMUMQHFT3NI,5,HighLoad,B,2026-09-29 14:31:32.952000+00:00,3,39.0,15073.0,0.0,1,remove ds 210
PMUMQHFT3NI,5,HighLoad,B,2026-09-29 14:31:52.136000+00:00,3,40.0,14420.0,0.0,1,include math 213
PMUMQHFT3NI,5,HighLoad,B,2026-09-29 14:32:06.016000+00:00,3,49.0,9943.0,0.0,1,include math 215
PMUMQHFT3NI,5,HighLoad,B,2026-09-29 14:32:24.396000+00:00,3,0.0,0.0,0.0,1,include math 215
PMUMQHFT3NI,5,HighLoad,B,2026-09-29 14:32:36.912000+00:00,3,0.0,0.0,0.0,1,include math 215
PMUMQHFT3NI,5,HighLoad,B,2026-09-29 14:32:49.690000+00:00,3,0.0,0.0,0.0,1,include math 215
PMUMQHFT3NI,5,HighLoad,B,2026-09-29 14:33:39.609000+00:00,3,47.0,46091.0,0.0,1,remove math 215
PMUMQHFT3NI,5,HighLoad,B,2026-09-29 14:33:47.489000+00:00,3,23.0,533.0,1.0,1,include ds 220
PMUMQHFT3NI,5,HighLoad,B,2026-09-29 14:34:07.064000+00:00,3,26.0,12533.0,0.0,1,remove econ 105
PMUMQHFT3NI,5,HighLoad,B,2026-09-29 14:34:25.640000+00:00,3,25.0,12742.0,0.0,1,r emove lang
PMUMQHFT3NI,5,HighLoad,B,2026-09-29 14:34:39.256000+00:00,3,26.0,6128.0,0.0,1,include intl 250
PMUMQHFT3NI,5,HighLoad,B,2026-09-29 14:34:46.536000+00:00,3,31.0,1166.0,0.0,1,include econ 105
PMUMQHFT3NI,5,HighLoad,B,2026-09-29 14:35:35.296000+00:00,4,58.0,44837.0,0.0,1,what is missing now
PMUMQHFT3NI,5,HighLoad,B,2026-09-29 14:36:45.240000+00:00,3,26.0,64030.0,1.0,1,remove ds 220
PMUMQHFT3NI,5,HighLoad,B,2026-09-29 14:36:56.273000+00:00,3,18.0,2228.0,3.0,1,remove ds 220
PMUMQHFT3NI,5,HighLoad,B,2026-09-29 14:37:20.993000+00:00,6,14.0,1523.0,0.0,1,include ds 310 and math 215
PMUMQHFT3NI,5,HighLoad,B,2026-09-29 14:37:29.657000+00:00,6,39.0,451.0,0.0,1,include ds 310 and math 215
PMUMQHFT3NI,5,HighLoad,B,2026-09-29 14:37:59.305000+00:00,5,26.0,19884.0,0.0,1,"remove ds 400, ds 310"
PMUMQHFT3NI,5,HighLoad,B,2026-09-29 14:38:09.369000+00:00,3,33.0,5037.0,0.0,1,include ds 220
PMUMQHFT3NI,5,HighLoad,B,2026-09-29 14:38:22.393000+00:00,3,45.0,9061.0,0.0,1,remove math 215
PMUMQHFT3NI,5,HighLoad,B,2026-09-29 14:38:28.539000+00:00,2,24.0,730.0,2.0,1,include 210
PMUMQHFT3NI,5,HighLoad,B,2026-09-29 14:38:41.270000+00:00,2,0.0,0.0,0.0,1,include 210
PMUMQHFT3NI,5,HighLoad,B,2026-09-29 14:39:27.304000+00:00,6,64.0,40557.0,0.0,1,include INTL 301 and PHIL 110
PMUMQHFT3NI,5,HighLoad,B,2026-09-29 14:39:42.441000+00:00,6,27.0,1005.0,0.0,1,include INTL 301 and PHIL 110250
PMUMQHFT3NI,5,HighLoad,B,2026-09-29 14:39:58.658000+00:00,6,32.0,5502.0,5.0,1,include INTL 301 and PHIL 110
PMUMQHFT3NI,5,HighLoad,B,2026-09-29 14:40:24.577000+00:00,6,30.0,14587.0,0.0,1,remove econ 105 and intl 220
PMUMQHFT3NI,5,HighLoad,B,2026-09-29 14:40:48.082000+00:00,5,58.0,19334.0,0.0,1,what the issue now ?
PMUMQHFT3NI,5,HighLoad,B,2026-09-29 14:41:37.377000+00:00,7,21.0,28324.0,1.0,1,include econ 105 and remove phil 110
PMUMQHFT3NI,6,HighLoad,B,2026-09-29 14:43:15.842000+00:00,3,13.0,39547.0,7.0,0,remove phil 110
PMUMQHFT3NI,7,LowLoad,B,2026-09-29 14:45:13.986000+00:00,10,22.0,28107.0,4.0,0,remove lang 202 and Add phil 110 and econ 105
PMUMQHFT3NI,7,LowLoad,B,2026-09-29 14:45:29.752000+00:00,10,0.0,0.0,0.0,0,remove lang 202 and Add phil 110 and econ 105
PMUMQHFT3NI,7,LowLoad,B,2026-09-29 14:45:42.486000+00:00,10,0.0,0.0,0.0,0,remove lang 202 and Add phil 110 and econ 105
PMUMQHFT3NI,7,LowLoad,B,2026-09-29 14:45:51.102000+00:00,10,0.0,0.0,0.0,0,remove lang 202 and Add phil 110 and econ 105
PMUMQHFT3NI,7,LowLoad,B,2026-09-29 14:46:05.202000+00:00,3,19.0,4630.0,32.0,0,remove lang 202
PMUMQHFT3NI,7,LowLoad,B,2026-09-29 14:46:25.522000+00:00,8,62.0,11404.0,0.0,1,add PHIL 110 — Intro to Philosophy (available)
PMUMQHFT3NI,7,LowLoad,B,2026-09-29 14:46:37.722000+00:00,8,67.0,3285.0,0.0,1,add ECON 105 — Principles of Economics (available)
PMUMQHFT3NI,7,LowLoad,B,2026-09-29 14:47:01.259000+00:00,7,68.0,16793.0,0.0,1,include PHIL 110 — Intro to Philosophy
PMUMQHFT3NI,7,LowLoad,B,2026-09-29 14:47:22.363000+00:00,2,42.0,19080.0,0.0,1,undo it
PMUMQHFT3NI,7,LowLoad,B,2026-09-29 14:47:44.948000+00:00,10,86.0,14777.0,1.0,1,include PHIL 110 — Intro to Philosophy in global studies
PMUMQHFT3NI,7,LowLoad,B,2026-09-29 14:48:02.898000+00:00,6,27.0,2553.0,0.0,1,include econ 105 in global studies
PMUMQHFT3NI,8,LowLoad,B,2026-09-29 14:49:13.075000+00:00,6,35.0,16852.0,0.0,0,remove ds 310 and math 215
PMUMQHFT3NI,8,LowLoad,B,2026-09-29 14:49:43.835000+00:00,6,23.0,13298.0,0.0,1,include intl 220 in global studies
PMUMQHFT3NI,8,LowLoad,B,2026-09-29 14:50:10.428000+00:00,5,16.0,5515.0,0.0,1,include econ 105 in elective
PMUMQHFT3NI,8,LowLoad,B,2026-09-29 14:50:31.898000+00:00,3,29.0,15320.0,0.0,1,remove intl 220
PMUMQHFT3NI,8,LowLoad,B,2026-09-29 14:50:42.498000+00:00,3,20.0,865.0,0.0,1,include lang 202
PMUMQHFT3NI,9,HighLoad,C,2026-09-29 14:53:42.728000+00:00,10,21.0,20747.0,0.0,0,"include International Students Mixer, Intramural Soccer, The Cadences (a cappella)"
PMUMQHFT3NI,9,HighLoad,C,2026-09-29 14:54:15.603000+00:00,10,0.0,0.0,0.0,0,"include International Students Mixer, Intramural Soccer, The Cadences (a cappella)"
PMUMQHFT3NI,9,HighLoad,C,2026-09-29 14:54:55.256000+00:00,3,7.0,11873.0,0.0,0,remove Chess Club
PMUMQHFT3NI,9,HighLoad,C,2026-09-29 14:55:11.096000+00:00,3,15.0,2146.0,0.0,0,remove Chess Club
PMUMQHFT3NI,9,HighLoad,C,2026-09-29 14:55:35.564000+00:00,3,12.0,5394.0,0.0,1,include Debate Team
PMUMQHFT3NI,9,HighLoad,C,2026-09-29 14:55:56.142000+00:00,3,0.0,0.0,0.0,1,include Debate Team
PMUMQHFT3NI,9,HighLoad,C,2026-09-29 14:56:38.483000+00:00,2,13.0,36094.0,0.0,1,undo it
PMUMQHFT3NI,10,HighLoad,C,2026-09-29 14:57:53.776000+00:00,3,39.0,42373.0,0.0,0,remove chess club
PMUMQHFT3NI,10,HighLoad,C,2026-09-29 14:58:15.516000+00:00,3,0.0,0.0,0.0,0,remove chess club
PMUMQHFT3NI,11,LowLoad,C,2026-09-29 14:59:54.329000+00:00,4,26.0,21350.0,0.0,0,remove the robotics club
PMUMQHFT3NI,12,LowLoad,C,2026-09-29 15:03:11.705000+00:00,8,7.0,50901.0,0.0,0,remove intramural soccer and add rock climbing club
PMUMQHFT3NI,12,LowLoad,C,2026-09-29 15:03:46.160000+00:00,9,22.0,2348.0,1.0,1,remove the international students mixer and add chess club
PMUMQHFT3NI,12,LowLoad,C,2026-09-29 15:07:56.211000+00:00,3,1.0,1307.0,4.0,1,remove debate team
PMUMQHFT3NI,12,LowLoad,C,2026-09-29 15:08:17.153000+00:00,3,21.0,11184.0,0.0,1,add robotics club
PMUMQR075XD,1,HighLoad,B,2026-09-29 14:05:22.040000+00:00,3,11.0,90571.0,0.0,0,add applied statistics
PMUMQR075XD,1,HighLoad,B,2026-09-29 14:07:47.280000+00:00,3,2.0,814.0,55.0,1,add comparative politics
PMUMQR075XD,1,HighLoad,B,2026-09-29 14:08:50.999000+00:00,8,37.0,51863.0,0.0,1,tell me about the intro to visual art
PMUMQR075XD,1,HighLoad,B,2026-09-29 14:09:36.303000+00:00,7,41.0,33239.0,0.0,1,tell me about the principles of economics
PMUMQR075XD,1,HighLoad,B,2026-09-29 14:10:07.104000+00:00,7,34.0,16711.0,6.0,1,should i take the principle of economics
PMUMQR075XD,1,HighLoad,B,2026-09-29 14:10:39.375000+00:00,3,19.0,24560.0,5.0,1,add econ 105
PMUMQR075XD,1,HighLoad,B,2026-09-29 14:11:27.463000+00:00,6,11.0,8990.0,91.0,1,should i take the applied statistics
PMUMQR075XD,1,HighLoad,B,2026-09-29 14:14:54.198000+00:00,6,3.0,13886.0,27.0,1,should i take machine learning fundamentals
PMUMQR075XD,1,HighLoad,B,2026-09-29 14:15:29.518000+00:00,3,11.0,22822.0,3.0,1,drop ds 220
PMUMQR075XD,1,HighLoad,B,2026-09-29 14:15:44.166000+00:00,3,46.0,8383.0,6.0,1,drop applied stattistics
PMUMQR075XD,1,HighLoad,B,2026-09-29 14:16:02.566000+00:00,5,31.0,6151.0,5.0,1,should i take applied statistics
PMUMQR075XD,1,HighLoad,B,2026-09-29 14:16:39.158000+00:00,2,7.0,13111.0,10.0,1,drop capstone
PMUMQR075XD,1,HighLoad,B,2026-09-29 14:17:00.933000+00:00,7,20.0,374.0,35.0,1,should i take intro to data science
PMUMQR075XD,1,HighLoad,B,2026-09-29 14:17:53.725000+00:00,6,8.0,2584.0,42.0,1,add linear algebra for data science
PMUMQR075XD,1,HighLoad,B,2026-09-29 14:18:08.997000+00:00,4,49.0,7174.0,0.0,1,add machine learning fundamentals
PMUMQR075XD,1,HighLoad,B,2026-09-29 14:18:27.837000+00:00,7,35.0,2855.0,3.0,1,should i take the international economic policy
PMUMQR075XD,1,HighLoad,B,2026-09-29 14:18:56.621000+00:00,6,28.0,10230.0,33.0,1,should i take international economic policy
PMUMQR075XD,1,HighLoad,B,2026-09-29 14:19:29.421000+00:00,6,34.0,19446.0,8.0,1,should i take the comparative politics
PMUMQR075XD,1,HighLoad,B,2026-09-29 14:20:00.821000+00:00,4,11.0,1926.0,28.0,1,add principles of economics
PMUMQR075XD,1,HighLoad,B,2026-09-29 14:21:09.653000+00:00,3,25.0,56766.0,0.0,1,drop comparative politics
PMUMQR075XD,1,HighLoad,B,2026-09-29 14:21:27.440000+00:00,4,21.0,1829.0,3.0,1,add intermediate language II
PMUMQR075XD,1,HighLoad,B,2026-09-29 14:22:19.237000+00:00,4,46.0,42971.0,1.0,1,drop machine learning fundamentals
PMUMQR075XD,1,HighLoad,B,2026-09-29 14:22:38.509000+00:00,6,23.0,550.0,30.0,1,drop Linear Algebra for Data Science
PMUMQR075XD,1,HighLoad,B,2026-09-29 14:22:55.693000+00:00,10,45.0,1757.0,0.0,1,add Intro to Data Science — data wrangling & visualization
PMUMQR075XD,1,HighLoad,B,2026-09-29 14:23:10.613000+00:00,10,85.0,6749.0,0.0,1,add Intro to Data Science — data wrangling & visualization
PMUMQR075XD,1,HighLoad,B,2026-09-29 14:23:34.748000+00:00,4,44.0,14829.0,0.0,1,drop machine learning fundamentals
PMUMQR075XD,1,HighLoad,B,2026-09-29 14:23:47.364000+00:00,8,355.0,10654.0,0.0,1,add   Applied Statistics — hypothesis testing & regression
PMUMQR075XD,1,HighLoad,B,2026-09-29 14:24:09.855000+00:00,8,272.0,19974.0,1.0,1,add  Applied Statistics — hypothesis testing & regression
PMUMQR075XD,1,HighLoad,B,2026-09-29 14:24:38.340000+00:00,3,14.0,9235.0,57.0,1,add applied statistics
PMUMQR075XD,1,HighLoad,B,2026-09-29 14:25:00.828000+00:00,3,19.0,8366.0,33.0,1,add Applied statistics
PMUMQR075XD,1,HighLoad,B,2026-09-29 14:25:22.316000+00:00,8,373.0,19685.0,0.0,1,add Applied Statistics — hypothesis testing & regression
PMUMQR075XD,1,HighLoad,B,2026-09-29 14:25:52.420000+00:00,4,33.0,19702.0,0.0,1,drop intermediate language II
PMUMQR075XD,1,HighLoad,B,2026-09-29 14:26:07.854000+00:00,3,26.0,4389.0,1.0,1,add comparative politics
PMUMQR075XD,2,LowLoad,B,2026-09-29 14:28:54.884000+00:00,4,45.0,89418.0,0.0,0,drop intro to philosophy
PMUMQR075XD,2,LowLoad,B,2026-09-29 14:29:09.763000+00:00,3,21.0,701.0,0.0,0,drop comparative politics
PMUMQR075XD,2,LowLoad,B,2026-09-29 14:29:54.139000+00:00,5,12.0,15846.0,30.0,1,drop intro to global studies
PMUMQR075XD,2,LowLoad,B,2026-09-29 14:30:14.339000+00:00,7,42.0,10125.0,5.0,1,should i do intro to global studies
PMUMQR075XD,2,LowLoad,B,2026-09-29 14:30:32.987000+00:00,4,37.0,9670.0,0.0,1,add intermediate language II
PMUMQR075XD,2,LowLoad,B,2026-09-29 14:30:59.740000+00:00,4,66.0,21661.0,0.0,1,add Intermediate Language II
PMUMQR075XD,3,LowLoad,B,2026-09-29 14:33:08.493000+00:00,5,16.0,67206.0,0.0,0,add Intro to Visual Art
PMUMQR075XD,3,LowLoad,B,2026-09-29 14:33:23.339000+00:00,6,31.0,1931.0,7.0,0,should i take intro to philosophy
PMUMQR075XD,3,LowLoad,B,2026-09-29 14:33:58.732000+00:00,6,52.0,27764.0,1.0,0,should i take Intro to Philosophy
PMUMQR075XD,3,LowLoad,B,2026-09-29 14:34:25.578000+00:00,5,27.0,16163.0,4.0,0,drop intro to visual art
PMUMQR075XD,3,LowLoad,B,2026-09-29 14:34:58.603000+00:00,4,10.0,4052.0,24.0,1,add intro to philosophy
PMUMQR075XD,3,LowLoad,B,2026-09-29 14:35:25.213000+00:00,4,21.0,13763.0,0.0,1,add intro to philosophy
PMUMQR075XD,3,LowLoad,B,2026-09-29 14:35:38.834000+00:00,3,24.0,7499.0,38.0,1,add PHIL 110
PMUMQR075XD,4,HighLoad,B,2026-09-29 14:37:08.634000+00:00,4,19.0,22938.0,25.0,0,what is the conflict
PMUMQR075XD,4,HighLoad,B,2026-09-29 14:37:42.106000+00:00,4,16.0,7964.0,71.0,0,drop machine learning fundamentals
PMUMQR075XD,4,HighLoad,B,2026-09-29 14:38:00.370000+00:00,6,36.0,4012.0,4.0,0,should i take machine learning fundamentals
PMUMQR075XD,4,HighLoad,B,2026-09-29 14:38:41.643000+00:00,6,18.0,17932.0,59.0,0,drop linear algebra for data scienc
PMUMQR075XD,4,HighLoad,B,2026-09-29 14:38:49.778000+00:00,6,61.0,1049.0,5.0,0,drop linear algebra for data science
PMUMQR075XD,4,HighLoad,B,2026-09-29 14:39:13.689000+00:00,3,20.0,15967.0,50.0,0,drop math 215
PMUMQR075XD,4,HighLoad,B,2026-09-29 14:39:39.994000+00:00,3,15.0,15612.0,5.0,1,drop lang 202
PMUMQR075XD,4,HighLoad,B,2026-09-29 14:39:45.813000+00:00,3,32.0,1372.0,0.0,1,add intl 220
PMUMQR075XD,5,HighLoad,A,2026-09-29 14:43:27.855000+00:00,6,12.0,11087.0,18.0,0,put 3 hours in chem 210
PMUMQR075XD,5,HighLoad,A,2026-09-29 14:43:58.807000+00:00,6,15.0,6639.0,8.0,1,put 5 hours in capstone project
PMUMQR075XD,5,HighLoad,A,2026-09-29 14:44:31.239000+00:00,6,22.0,19830.0,0.0,1,put 4 hours in stat 150
PMUMQR075XD,5,HighLoad,A,2026-09-29 14:45:01.927000+00:00,6,15.0,11958.0,5.0,1,put 10 hours in stat 150
PMUMQR075XD,5,HighLoad,A,2026-09-29 14:45:38.815000+00:00,6,12.0,3118.0,5.0,1,put 10 hours in capstone project0
PMUMQR075XD,5,HighLoad,A,2026-09-29 14:45:58.831000+00:00,5,15.0,1958.0,4.0,1,tell me about hist 240
PMUMQR075XD,5,HighLoad,A,2026-09-29 14:46:18.471000+00:00,6,40.0,12708.0,0.0,1,put 3 hours in hist 240
PMUMQR075XD,5,HighLoad,A,2026-09-29 14:46:30.630000+00:00,5,28.0,2685.0,0.0,1,tell me about chem 210
PMUMQR075XD,5,HighLoad,A,2026-09-29 14:47:03.518000+00:00,6,25.0,17390.0,1.0,1,add 21 hours in capstone project
PMUMQR075XD,5,HighLoad,A,2026-09-29 14:47:45.158000+00:00,5,14.0,16310.0,45.0,1,remove 10 hours from capstone
PMUMQR075XD,5,HighLoad,A,2026-09-29 14:48:12.046000+00:00,6,63.0,21725.0,0.0,1,tell me about the rest time
PMUMQR075XD,5,HighLoad,A,2026-09-29 14:48:34.214000+00:00,5,24.0,8877.0,0.0,1,remove 5hours from stat 150
PMUMQR075XD,5,HighLoad,A,2026-09-29 14:48:48.062000+00:00,5,25.0,709.0,4.0,1,remove 1 hour from capstone
PMUMQR075XD,6,LowLoad,A,2026-09-29 14:49:49.710000+00:00,6,42.0,18297.0,3.0,0,tell me about the chem 210
PMUMQR075XD,6,LowLoad,A,2026-09-29 14:50:31.686000+00:00,6,17.0,16286.0,44.0,0,tell me about Midterm Review Session
PMUMQR075XD,6,LowLoad,A,2026-09-29 14:50:48.302000+00:00,6,28.0,1052.0,19.0,0,tell me about Midterm Review Session
PMUMQR075XD,6,LowLoad,A,2026-09-29 14:51:14.990000+00:00,6,12.0,29.0,14.0,1,tell me about the hist 240
PMUMQR075XD,6,LowLoad,A,2026-09-29 14:51:47.117000+00:00,9,18.0,2205.0,39.0,1,put 1 hour in chem 210 midterm review session
PMUMQR075XD,6,LowLoad,A,2026-09-29 14:51:57.894000+00:00,6,35.0,1924.0,0.0,1,tell me about the stat 150
PMUMQR075XD,6,LowLoad,A,2026-09-29 14:52:26.317000+00:00,7,29.0,15589.0,8.0,1,remove i hour from the stat 150
PMUMQR075XD,6,LowLoad,A,2026-09-29 14:52:45.254000+00:00,8,28.0,1076.0,1.0,1,tell me about chem 210 organic chemistry I
PMUMQR075XD,6,LowLoad,A,2026-09-29 14:53:19.870000+00:00,8,22.0,10484.0,9.0,1,remove 1 hour from chem 210 organic chemistry
PMUMQR075XD,6,LowLoad,A,2026-09-29 14:53:28.461000+00:00,5,52.0,1715.0,0.0,1,tell me about capstone project
PMUMQR075XD,6,LowLoad,A,2026-09-29 14:53:58.501000+00:00,6,37.0,17795.0,3.0,1,remove 15  hours from capstone project
PMUMQR075XD,6,LowLoad,A,2026-09-29 14:54:13.486000+00:00,6,42.0,5844.0,1.0,1,add 15 hours in capstone project
PMUMQR075XD,6,LowLoad,A,2026-09-29 14:54:29.125000+00:00,6,19.0,1171.0,1.0,1,add 2 hours in hist 240
PMUMQR075XD,6,LowLoad,A,2026-09-29 14:54:48.581000+00:00,6,20.0,916.0,3.0,1,add 2 hours in capstone project
PMUMQR075XD,6,LowLoad,A,2026-09-29 14:55:06.181000+00:00,6,18.0,2524.0,8.0,1,add 2 hours in hist 240
PMUMQR075XD,7,LowLoad,A,2026-09-29 14:56:39.005000+00:00,5,26.0,33085.0,4.0,0,tell me about cs 301
PMUMQR075XD,7,LowLoad,A,2026-09-29 14:56:51.869000+00:00,4,31.0,5868.0,32.0,0,tell me about rest
PMUMQR075XD,7,LowLoad,A,2026-09-29 14:57:10.725000+00:00,5,20.0,883.0,2.0,0,tell me about capstone project
PMUMQR075XD,7,LowLoad,A,2026-09-29 14:57:28.693000+00:00,5,21.0,5148.0,45.0,0,tell me about stat 150
PMUMQR075XD,7,LowLoad,A,2026-09-29 14:57:54.869000+00:00,6,14.0,2180.0,12.0,1,remove 2 hours from stat 150
PMUMQR075XD,7,LowLoad,A,2026-09-29 14:58:11.621000+00:00,6,18.0,3123.0,5.0,1,add 6 hours to cs 301
PMUMQR075XD,7,LowLoad,A,2026-09-29 14:58:24.797000+00:00,5,31.0,4611.0,1.0,1,tell me about hist 240
PMUMQR075XD,7,LowLoad,A,2026-09-29 14:58:54.565000+00:00,6,19.0,12436.0,9.0,1,remove 6 hours from hist 240
PMUMQR075XD,7,LowLoad,A,2026-09-29 14:59:08.198000+00:00,9,50.0,2755.0,0.0,1,tell me about CHEM 210 -- Organic Chemistry I
PMUMQR075XD,7,LowLoad,A,2026-09-29 14:59:38.317000+00:00,10,55.0,19082.0,2.0,1,remove 2 hours from CHEM 210 -- Organic Chemistry I
PMUMQR075XD,7,LowLoad,A,2026-09-29 14:59:56.886000+00:00,9,40.0,1185.0,0.0,1,tell me about Capstone Project -- Community Data Dashboard
PMUMQR075XD,8,HighLoad,A,2026-09-29 15:01:01.781000+00:00,9,61.0,13578.0,0.0,0,tell me about Capstone Project -- Community Data Dashboard
PMUMQR075XD,8,HighLoad,A,2026-09-29 15:01:28.070000+00:00,9,24.0,4579.0,25.0,0,tell me about ENG 105 -- Academic Writing II
PMUMQR075XD,8,HighLoad,A,2026-09-29 15:01:58.644000+00:00,4,8.0,2505.0,5.0,1,tell me about rest
PMUMQR075XD,8,HighLoad,A,2026-09-29 15:02:13.740000+00:00,9,47.0,3595.0,4.0,1,tell me about CHEM 210 -- Organic Chemistry I
PMUMQR075XD,8,HighLoad,A,2026-09-29 15:02:44.004000+00:00,9,39.0,14051.0,11.0,1,tell me about STAT 150 -- Introduction to Statistics
PMUMQR075XD,8,HighLoad,A,2026-09-29 15:03:02.197000+00:00,10,31.0,587.0,4.0,1,add 5 hours to ENG 105 -- Academic Writing II
PMUMQR075XD,8,HighLoad,A,2026-09-29 15:03:15.365000+00:00,10,51.0,586.0,4.0,1,add 2 hours to STAT 150 -- Introduction to Statistics
PMUMQR075XD,8,HighLoad,A,2026-09-29 15:03:34.644000+00:00,6,15.0,1058.0,70.0,1,add 2 hours to stat 150
PMUMQR075XD,9,HighLoad,C,2026-09-29 15:06:23.946000+00:00,6,33.0,25452.0,24.0,0,tell me about the chess club
PMUMQR075XD,9,HighLoad,C,2026-09-29 15:07:04.714000+00:00,5,8.0,1628.0,33.0,1,tell me about the cadences
PMUMQR075XD,9,HighLoad,C,2026-09-29 15:07:19.393000+00:00,3,21.0,4348.0,3.0,1,drop robotics club
PMUMQR075XD,9,HighLoad,C,2026-09-29 15:07:32.585000+00:00,4,29.0,1749.0,0.0,1,add peer tutoring volunteers
PMUMQR075XD,9,HighLoad,C,2026-09-29 15:08:12.906000+00:00,5,22.0,23404.0,3.0,1,tell me about Intramural Soccer
PMUMQR075XD,9,HighLoad,C,2026-09-29 15:08:35.505000+00:00,6,31.0,10372.0,11.0,1,tell me about Rock Climbing Club
PMUMQR075XD,9,HighLoad,C,2026-09-29 15:08:59.897000+00:00,6,38.0,13412.0,4.0,1,tell me about Studio Art Collective
PMUMQR075XD,9,HighLoad,C,2026-09-29 15:09:07.801000+00:00,4,50.0,1941.0,0.0,1,add Studio Art Collective
PMUMQR075XD,9,HighLoad,C,2026-09-29 15:09:25.754000+00:00,3,15.0,940.0,0.0,1,add intramural soccer
PMUMQR075XD,10,LowLoad,C,2026-09-29 15:10:50.209000+00:00,7,49.0,23491.0,5.0,0,tell me about the Studio Art Collective
PMUMQR075XD,10,LowLoad,C,2026-09-29 15:11:04.674000+00:00,6,33.0,605.0,2.0,0,tell me about Peer Tutoring Volunteers
PMUMQR075XD,10,LowLoad,C,2026-09-29 15:11:32.657000+00:00,4,30.0,19203.0,0.0,1,add rock climbing club
PMUMQR075XD,10,LowLoad,C,2026-09-29 15:11:38.945000+00:00,6,89.0,612.0,0.0,1,tell me about International Students Mixer
PMUMQR075XD,10,LowLoad,C,2026-09-29 15:12:03.457000+00:00,6,14.0,989.0,30.0,1,tell me about the chess club
PMUMQR075XD,10,LowLoad,C,2026-09-29 15:12:15.281000+00:00,4,73.0,6380.0,0.0,1,drop International Students Mixer
PMUMQR075XD,10,LowLoad,C,2026-09-29 15:12:34.097000+00:00,3,20.0,5581.0,1.0,1,drop Intramural Soccer
PMUMQR075XD,10,LowLoad,C,2026-09-29 15:12:48.409000+00:00,5,28.0,3269.0,1.0,1,tell me about The Cadences
PMUMQR075XD,10,LowLoad,C,2026-09-29 15:13:04.953000+00:00,3,46.0,11059.0,0.0,1,Studio Art Collective
PMUMQR075XD,11,LowLoad,C,2026-09-29 15:14:07.545000+00:00,2,103.0,20282.0,0.0,0,Debate Team
PMUMQR075XD,11,LowLoad,C,2026-09-29 15:14:18.473000+00:00,2,138.0,9450.0,0.0,0,Intramural Soccer
PMUMQR075XD,11,LowLoad,C,2026-09-29 15:14:26.169000+00:00,3,27.0,507.0,0.0,1,drop debate team
PMUMQR075XD,11,LowLoad,C,2026-09-29 15:14:41.433000+00:00,3,272.0,14202.0,0.0,1,Peer Tutoring Volunteers
PMUMQR075XD,11,LowLoad,C,2026-09-29 15:14:58.153000+00:00,3,20.0,20.0,2.0,1,International Students Mixer
PMUMQR075XD,11,LowLoad,C,2026-09-29 15:15:04.713000+00:00,3,198.0,5283.0,0.0,1,Studio Art Collective
PMUMQR075XD,11,LowLoad,C,2026-09-29 15:15:14.129000+00:00,2,120.0,8211.0,0.0,1,The Cadences
PMUMQR075XD,11,LowLoad,C,2026-09-29 15:15:33.305000+00:00,3,131.0,16979.0,1.0,1,Peer Tutoring Volunteers
PMUMQR075XD,11,LowLoad,C,2026-09-29 15:15:43.345000+00:00,5,80.0,5402.0,3.0,1,drop Peer Tutoring Volunteers (
PMUMQR075XD,11,LowLoad,C,2026-09-29 15:15:47.099000+00:00,3,58.0,651.0,0.0,1,add debate team
PMUMQR075XD,12,HighLoad,C,2026-09-29 15:16:57.905000+00:00,2,106.0,27948.0,0.0,0,The Cadences
PMUMQR075XD,12,HighLoad,C,2026-09-29 15:17:04.592000+00:00,2,95.0,5288.0,0.0,0,Debate Team
PMUMQR075XD,12,HighLoad,C,2026-09-29 15:17:40.896000+00:00,3,10.0,15988.0,13.0,1,drop The Cadences
PMUMQR075XD,12,HighLoad,C,2026-09-29 15:17:51.489000+00:00,3,345.0,9754.0,0.0,1,Peer Tutoring Volunteers
PMUMQR075XD,12,HighLoad,C,2026-09-29 15:18:02.848000+00:00,2,50.0,8969.0,2.0,1,Chess Club
PMUMQR075XD,12,HighLoad,C,2026-09-29 15:18:15.305000+00:00,3,32.0,4475.0,0.0,1,add Intramural Soccer
PMUMQR075XD,12,HighLoad,C,2026-09-29 15:18:25+00:00,4,37.0,2136.0,0.0,1,drop Rock Climbing Club
PMUMQR075XD,12,HighLoad,C,2026-09-29 15:18:31.569000+00:00,3,153.0,4915.0,0.0,1,Studio Art Collective
PMUMUFGT3F9,1,LowLoad,B,2026-09-29 15:45:01.023000+00:00,3,37.0,42648.0,0.0,0,ADD MATH 215
PMUMUFGT3F9,1,LowLoad,B,2026-09-29 15:45:56.519000+00:00,3,6.0,23240.0,21.0,1,REMOVE MATH 215
PMUMUFGT3F9,1,LowLoad,B,2026-09-29 15:46:02.791000+00:00,3,27.0,1766.0,0.0,1,ADD DS 220
PMUMUFGT3F9,1,LowLoad,B,2026-09-29 15:46:36.194000+00:00,5,13.0,11934.0,1.0,1,ADD DS310 REMOVE DS 220
PMUMUFGT3F9,1,LowLoad,B,2026-09-29 15:47:10.586000+00:00,6,17.0,17155.0,0.0,1,ADD INTL 250 AMD ECON 105
PMUMUFGT3F9,1,LowLoad,B,2026-09-29 15:47:42.999000+00:00,7,27.0,17724.0,0.0,1,REMOVE INTL 250  AND ADD LANG 202
PMUMUFGT3F9,1,LowLoad,B,2026-09-29 15:48:51.191000+00:00,6,37.0,56920.0,0.0,1,WHAT ARE THE PREREQUISITES TO MINOR
PMUMUFGT3F9,1,LowLoad,B,2026-09-29 15:49:08.559000+00:00,3,30.0,9647.0,0.0,1,WHAT ABOUT ELECTIVE
PMUMUFGT3F9,1,LowLoad,B,2026-09-29 15:49:32.376000+00:00,7,42.0,14896.0,0.0,1,REMOVE ECON 105 AND ADD ART 101
PMUMUFGT3F9,1,LowLoad,B,2026-09-29 15:49:47+00:00,4,69.0,10975.0,0.0,1,WHAT IS BEING FLAGGED
PMUMUFGT3F9,1,LowLoad,B,2026-09-29 15:50:11.304000+00:00,3,21.0,17345.0,0.0,1,ADD MATH 215
PMUMUFGT3F9,1,LowLoad,B,2026-09-29 15:51:01.732000+00:00,6,12.0,22054.0,0.0,1,"REMOVE LANG 202, ADD INTL 250"
PMUMUFGT3F9,1,LowLoad,B,2026-09-29 15:51:31.384000+00:00,3,13.0,17250.0,0.0,1,REMOVE DS 400
PMUMUFGT3F9,1,LowLoad,B,2026-09-29 15:52:15.681000+00:00,13,20.0,9888.0,1.0,1,"ADD LANG 402, REMOVE INTL 250 , REMOVE DS 310, ADD DS 400"
PMUMUFGT3F9,1,LowLoad,B,2026-09-29 15:52:49.064000+00:00,8,29.0,16990.0,0.0,1,"ADD DS 220 REMOVE MATH 215,ADD LANG 202"
PMUMUFGT3F9,1,LowLoad,B,2026-09-29 15:53:23.427000+00:00,6,31.0,24943.0,1.0,1,REMOVE DS 400 ADD DS 210
PMUMUFGT3F9,2,HighLoad,B,2026-09-29 15:57:20.355000+00:00,6,4.0,127167.0,2.0,0,"REMOVE ART 101 , INTL 220"
PMUMUFGT3F9,2,HighLoad,B,2026-09-29 15:58:30.822000+00:00,9,9.0,17314.0,0.0,0,"ADD ART 101, REMOVE LANG 202, ADD INTL 220"
PMUMUFGT3F9,2,HighLoad,B,2026-09-29 15:58:51.193000+00:00,3,43.0,16488.0,0.0,1,REMOVE ART 101
PMUMUFGT3F9,2,HighLoad,B,2026-09-29 15:59:12.410000+00:00,1,48.0,20471.0,0.0,1,HOW
PMUMUFGT3F9,2,HighLoad,B,2026-09-29 15:59:53.764000+00:00,7,48.0,34125.0,0.0,1,"REMOVE PHIL 110 , ADD ART 101"
PMUMUFGT3F9,3,HighLoad,B,2026-09-29 16:01:49.213000+00:00,3,26.0,65117.0,0.0,0,ADD ECON 105
PMUMUFGT3F9,3,HighLoad,B,2026-09-29 16:02:06.269000+00:00,6,48.0,9802.0,0.0,0,"ADD PHIL 110, REMOVE LANG 220"
PMUMUFGT3F9,3,HighLoad,B,2026-09-29 16:02:28.292000+00:00,3,22.0,13675.0,16.0,1,REMOVE PHIL 110
PMUMUFGT3F9,3,HighLoad,B,2026-09-29 16:03:02.900000+00:00,12,25.0,8148.0,2.0,1,"REMOVE LANG 202, ADD ECON 105, PHIL 110 , REMOVE ART 101"
PMUMUFGT3F9,3,HighLoad,B,2026-09-29 16:03:12.532000+00:00,3,58.0,7339.0,0.0,1,ADD ART 101
PMUMUFGT3F9,4,LowLoad,B,2026-09-29 16:04:29.149000+00:00,9,27.0,21912.0,1.0,0,"REMOVE DS 310, ADD LANG 202, REMOVE INTL 250"
PMUMUFGT3F9,4,LowLoad,B,2026-09-29 16:05:08.852000+00:00,6,21.0,22842.0,0.0,0,"REMOVE MATH 215, ADD INTL 220"
PMUMUFGT3F9,5,LowLoad,C,2026-09-29 16:08:58.849000+00:00,11,20.0,22795.0,1.0,0,"ADD ROCK CLIMBING , DEBATE TEAM , INTRAMURAL SOCCER, THE CADENCES"
PMUMUFGT3F9,5,LowLoad,C,2026-09-29 16:09:37.777000+00:00,5,53.0,33756.0,0.0,0,ADD 2 HOURS TO ROBOTICS
PMUMUFGT3F9,5,LowLoad,C,2026-09-29 16:10:04.930000+00:00,9,48.0,12222.0,0.0,1,"ADD STUDIO ARTR COLLECTIVE, INT STUDENT MIXER, PEER TUTORING"
PMUMUFGT3F9,5,LowLoad,C,2026-09-29 16:10:35.666000+00:00,3,19.0,19084.0,0.0,1,REMOVE DEBATE TEAM
PMUMUFGT3F9,5,LowLoad,C,2026-09-29 16:10:55.570000+00:00,1,51.0,19196.0,0.0,1,HOW
PMUMUFGT3F9,5,LowLoad,C,2026-09-29 16:11:22.722000+00:00,6,36.0,19197.0,0.0,1,CAN IT BE UNDER 12 HOURS
PMUMUFGT3F9,5,LowLoad,C,2026-09-29 16:11:41.162000+00:00,3,52.0,14059.0,0.0,1,REMOVE ROBOTIC CLUB
PMUMUFGT3F9,5,LowLoad,C,2026-09-29 16:11:53.098000+00:00,3,51.0,8627.0,0.0,1,DOES THIS WORK
PMUMUFGT3F9,6,HighLoad,C,2026-09-29 16:13:26.523000+00:00,3,9.0,34381.0,0.0,0,REMOVE PEER TUTORIBG
PMUMUFGT3F9,6,HighLoad,C,2026-09-29 16:14:21.099000+00:00,4,15.0,38126.0,1.0,1,ADD PEER REMOVE CHWSS
PMUMUFGT3F9,7,HighLoad,C,2026-09-29 16:15:38.163000+00:00,2,62.0,37929.0,0.0,0,REMOVE SOCCER
PMUMUFGT3F9,7,HighLoad,C,2026-09-29 16:16:14.228000+00:00,4,39.0,28722.0,2.0,1,ADD CJHESS REMOVE STUDIO
PMUMUFGT3F9,7,HighLoad,C,2026-09-29 16:16:31.436000+00:00,2,27.0,10596.0,7.0,1,WHATS EXCEEDING
PMUMUFGT3F9,7,HighLoad,C,2026-09-29 16:16:50.268000+00:00,3,28.0,9955.0,0.0,1,"REMOVE ROCK, CADENCES"
PMUMUFGT3F9,7,HighLoad,C,2026-09-29 16:17:14.948000+00:00,3,19.0,13298.0,0.0,1,"ADD ROCK CADENCES,"
PMUMUFGT3F9,7,HighLoad,C,2026-09-29 16:17:21.213000+00:00,2,40.0,2963.0,0.0,1,REMOVE PEER
PMUMUFGT3F9,8,LowLoad,C,2026-09-29 16:18:03.357000+00:00,6,64.0,12196.0,0.0,0,HOW MANY HOURS FOR DEBATE TEAM
PMUMUFGT3F9,8,LowLoad,C,2026-09-29 16:18:25.677000+00:00,2,8.0,4771.0,17.0,0,REMOVE CHESS
PMUMUFGT3F9,9,LowLoad,A,2026-09-29 16:20:26.937000+00:00,6,14.0,19840.0,1.0,0,ADD 2 HOURS TO CHEM 210
PMUMUFGT3F9,9,LowLoad,A,2026-09-29 16:20:49.506000+00:00,12,37.0,7450.0,0.0,1,"ADD 3 HOURS TO STAT, 6 TO HIST , 2 TO CAPSTONE"
PMUMUFGT3F9,9,LowLoad,A,2026-09-29 16:21:09.250000+00:00,6,30.0,9852.0,14.0,1,MAKE ALL OF THEM 11 HOURS
PMUMUFGT3F9,9,LowLoad,A,2026-09-29 16:21:26.938000+00:00,1,4.0,6892.0,7.0,1,WHAT
PMUMUFGT3F9,9,LowLoad,A,2026-09-29 16:22:03.482000+00:00,12,31.0,20284.0,2.0,1,"SET CHEM TP 4 , STAT 4 HIST 2 , CAPSTONE 5"
PMUMUFGT3F9,10,HighLoad,A,2026-09-29 16:23:07.131000+00:00,5,39.0,21457.0,6.0,0,HGOW MANY HOURS TO CHEM
PMUMUFGT3F9,10,HighLoad,A,2026-09-29 16:23:27.275000+00:00,3,32.0,14547.0,3.0,1,WHAT ABOUT STAT
PMUMUFGT3F9,10,HighLoad,A,2026-09-29 16:23:36.923000+00:00,2,42.0,7354.0,0.0,1,AND HIST
PMUMUFGT3F9,10,HighLoad,A,2026-09-29 16:23:46.811000+00:00,1,52.0,8036.0,0.0,1,CAPSTONE
PMUMUFGT3F9,10,HighLoad,A,2026-09-29 16:24:19.115000+00:00,18,28.0,5579.0,1.0,1,"SET CHEM TO 9 , CAPSTONE TO 7 HIST TO 3 STAT TO 5 , REVIEW TO 3"
PMUMUFGT3F9,11,HighLoad,A,2026-09-29 16:25:07.636000+00:00,5,56.0,11980.0,0.0,0,HOW MANY HOURS FOR CS
PMUMUFGT3F9,11,HighLoad,A,2026-09-29 16:25:22.308000+00:00,4,56.0,10370.0,0.0,1,WHIC SHOULD I REDUCE
PMUMUFGT3F9,11,HighLoad,A,2026-09-29 16:25:58.210000+00:00,17,30.0,13627.0,1.0,1,"SET CHEM TO 5 , STAT TO 3, HIST TO 2, CAP TO 4, CS TO 6"
PMUMUFGT3F9,12,LowLoad,A,2026-09-29 16:26:45.996000+00:00,5,30.0,10038.0,2.0,0,HOW MUCH DO SUJECTS REQUIRE
PMUMUFGT3F9,12,LowLoad,A,2026-09-29 16:27:28.669000+00:00,13,16.0,5426.0,23.0,0,"SET CAPSTONE TO 6, ENG TO 3, CHEM TO 3, STAT TO 4"
PMUMUGJUDPL,1,LowLoad,C,2026-09-29 15:46:21.260000+00:00,18,45.0,23873.0,2.0,0,can you remind me what the categories are and what are some examples of activities for each category
PMUMUGJUDPL,1,LowLoad,C,2026-09-29 15:46:59.814000+00:00,6,46.0,30744.0,0.0,1,I want to be well-rounded yes?
PMUMUGJUDPL,1,LowLoad,C,2026-09-29 15:47:21.623000+00:00,4,26.0,12270.0,0.0,1,add the acapella club
PMUMUGJUDPL,1,LowLoad,C,2026-09-29 15:47:48.224000+00:00,4,34.0,19958.0,0.0,1,Add the debate team
PMUMUGJUDPL,1,LowLoad,C,2026-09-29 15:48:04.103000+00:00,2,44.0,12847.0,0.0,1,Soccer also
PMUMUGJUDPL,1,LowLoad,C,2026-09-29 15:48:21.016000+00:00,7,69.0,10294.0,0.0,1,oh what was that grilled cheese popup?
PMUMUGJUDPL,1,LowLoad,C,2026-09-29 15:49:22.035000+00:00,10,53.0,51039.0,0.0,1,I thik this is good enogh what do you think?
PMUMUGJUDPL,1,LowLoad,C,2026-09-29 15:49:41.755000+00:00,8,68.0,12182.0,0.0,1,So are you suggesting i reduce my workload?
PMUMUGJUDPL,1,LowLoad,C,2026-09-29 15:50:06.004000+00:00,7,39.0,11925.0,0.0,1,Any other club with a similar happening?
PMUMUGJUDPL,1,LowLoad,C,2026-09-29 15:50:28.973000+00:00,11,59.0,11845.0,0.0,1,Ok then I think considering that I would like to submit
PMUMUGJUDPL,2,HighLoad,C,2026-09-29 15:52:51.018000+00:00,10,22.0,55919.0,1.0,0,So i need to include those 2 events for sure
PMUMUGJUDPL,2,HighLoad,C,2026-09-29 15:53:45.130000+00:00,3,6.0,19692.0,0.0,1,drop debate team
PMUMUGJUDPL,2,HighLoad,C,2026-09-29 15:54:26.380000+00:00,3,27.0,34681.0,0.0,1,drop chess club
PMUMUGJUDPL,2,HighLoad,C,2026-09-29 15:55:16.558000+00:00,4,15.0,28799.0,1.0,1,anything I should consider
PMUMUGJUDPL,2,HighLoad,C,2026-09-29 15:55:48.391000+00:00,6,45.0,25461.0,0.0,1,I think I like this plan
PMUMUGJUDPL,3,LowLoad,C,2026-09-29 15:57:01.803000+00:00,6,64.0,13910.0,0.0,0,how much extra time for debate
PMUMUGJUDPL,3,LowLoad,C,2026-09-29 15:57:20.931000+00:00,3,44.0,14534.0,0.0,1,drop the robotics
PMUMUGJUDPL,3,LowLoad,C,2026-09-29 15:57:40.947000+00:00,5,57.0,16011.0,0.0,1,I think I like this
PMUMUGJUDPL,3,LowLoad,C,2026-09-29 15:57:54.300000+00:00,4,52.0,6260.0,0.0,1,why rock-climbing over football
PMUMUGJUDPL,3,LowLoad,C,2026-09-29 15:58:10.027000+00:00,4,49.0,8107.0,0.0,1,soccer instead of rock-climbing
PMUMUGJUDPL,3,LowLoad,C,2026-09-29 15:58:20.653000+00:00,5,77.0,7349.0,0.0,1,is it a better choice
PMUMUGJUDPL,4,HighLoad,C,2026-09-29 15:59:45.991000+00:00,6,50.0,30886.0,0.0,0,how much extra time for accapella
PMUMUGJUDPL,4,HighLoad,C,2026-09-29 16:00:19.489000+00:00,5,41.0,24686.0,0.0,1,do rock climbing remove soccer
PMUMUGJUDPL,4,HighLoad,C,2026-09-29 16:00:50.153000+00:00,2,71.0,28462.0,0.0,1,remove debate
PMUMUGJUDPL,4,HighLoad,C,2026-09-29 16:01:06.186000+00:00,2,30.0,11220.0,1.0,1,remove mixer
PMUMUGJUDPL,4,HighLoad,C,2026-09-29 16:01:12.035000+00:00,2,30.0,1090.0,0.0,1,add tutoring
PMUMUGJUDPL,5,LowLoad,A,2026-09-29 16:06:35.659000+00:00,9,43.0,20378.0,0.0,0,Do I have any important tests to study for
PMUMUGJUDPL,5,LowLoad,A,2026-09-29 16:06:50.363000+00:00,1,54.0,13588.0,0.0,1,what?
PMUMUGJUDPL,5,LowLoad,A,2026-09-29 16:07:09.195000+00:00,7,61.0,12325.0,0.0,1,Do you think I should study more?
PMUMUGJUDPL,5,LowLoad,A,2026-09-29 16:07:37.596000+00:00,6,57.0,21686.0,0.0,1,increase organic chem to 5 hours
PMUMUGJUDPL,5,LowLoad,A,2026-09-29 16:08:16.158000+00:00,14,37.0,18173.0,0.0,1,"put 8 hours on project, 4 hours on history and 5 hours on stats"
PMUMUGJUDPL,5,LowLoad,A,2026-09-29 16:08:26.822000+00:00,5,80.0,7670.0,0.0,1,i think this is good
PMUMUGJUDPL,6,HighLoad,A,2026-09-29 16:11:20.741000+00:00,6,22.0,59148.0,0.0,0,"how muchg extra hours for chem,"
PMUMUGJUDPL,6,HighLoad,A,2026-09-29 16:12:02.573000+00:00,7,17.0,24061.0,0.0,1,ok so put 9 hours on chem
PMUMUGJUDPL,6,HighLoad,A,2026-09-29 16:12:46.335000+00:00,5,17.0,24271.0,0.0,1,reduce project to 7.5 hours
PMUMUGJUDPL,6,HighLoad,A,2026-09-29 16:13:15.841000+00:00,3,13.0,13998.0,0.0,1,any other courses
PMUMUGJUDPL,6,HighLoad,A,2026-09-29 16:13:48.401000+00:00,6,33.0,24205.0,0.0,1,ok so is mine good then
PMUMUGJUDPL,6,HighLoad,A,2026-09-29 16:14:22.034000+00:00,4,22.0,19028.0,0.0,1,what about midterm review??
PMUMUGJUDPL,6,HighLoad,A,2026-09-29 16:14:33.491000+00:00,2,47.0,10188.0,0.0,1,put 2
PMUMUGJUDPL,7,LowLoad,A,2026-09-29 16:15:28.364000+00:00,4,48.0,8763.0,0.0,0,how much for cs?
PMUMUGJUDPL,7,LowLoad,A,2026-09-29 16:15:43.405000+00:00,3,48.0,13036.0,0.0,0,ok put 4
PMUMUGJUDPL,7,LowLoad,A,2026-09-29 16:15:48.517000+00:00,3,60.0,1915.0,0.0,1,and the project?
PMUMUGJUDPL,7,LowLoad,A,2026-09-29 16:16:04.245000+00:00,5,60.0,11748.0,0.0,1,so how much is that?
PMUMUGJUDPL,7,LowLoad,A,2026-09-29 16:16:13.974000+00:00,4,79.0,7140.0,0.0,1,can i reduce chem
PMUMUGJUDPL,7,LowLoad,A,2026-09-29 16:16:25.918000+00:00,2,39.0,10083.0,0.0,1,1 hour
PMUMUGJUDPL,7,LowLoad,A,2026-09-29 16:16:36.903000+00:00,10,80.0,2866.0,0.0,1,how much is the syllabus estimate for all the subjects
PMUMUGJUDPL,7,LowLoad,A,2026-09-29 16:16:50.552000+00:00,4,73.0,10523.0,0.0,1,ok do those changes
PMUMUGJUDPL,7,LowLoad,A,2026-09-29 16:17:14.432000+00:00,4,13.0,9530.0,20.0,1,is my plan good?
PMUMUGJUDPL,7,LowLoad,A,2026-09-29 16:17:27.209000+00:00,2,40.0,10347.0,0.0,1,why not?
PMUMUGJUDPL,7,LowLoad,A,2026-09-29 16:17:45.634000+00:00,7,55.0,12362.0,0.0,1,ok so reduce chem to 5 hours
PMUMUGJUDPL,7,LowLoad,A,2026-09-29 16:18:02.202000+00:00,5,59.0,11922.0,0.0,1,reduce stat to 3 houirs
PMUMUGJUDPL,7,LowLoad,A,2026-09-29 16:18:12.251000+00:00,4,56.0,5754.0,0.0,1,history to 2.5 hours
PMUMUGJUDPL,7,LowLoad,A,2026-09-29 16:18:22.386000+00:00,2,79.0,6778.0,0.0,1,project requirewments?
PMUMUGJUDPL,7,LowLoad,A,2026-09-29 16:18:35.595000+00:00,4,29.0,7364.0,2.0,1,ok make it 4.5
PMUMUGJUDPL,8,HighLoad,A,2026-09-29 16:19:41.822000+00:00,6,57.0,20531.0,0.0,0,what is requiremenrts for all subjects'
PMUMUGJUDPL,8,HighLoad,A,2026-09-29 16:20:04.062000+00:00,2,38.0,19419.0,0.0,1,english 5
PMUMUGJUDPL,8,HighLoad,A,2026-09-29 16:20:18.478000+00:00,2,64.0,13290.0,0.0,1,stat 5
PMUMUGJUDPL,8,HighLoad,A,2026-09-29 16:21:06.240000+00:00,4,49.0,43861.0,0.0,1,is thisa no good
PMUMUGJUDPL,8,HighLoad,A,2026-09-29 16:21:21.209000+00:00,3,59.0,11516.0,0.0,1,make capstone 10]
PMUMUGJUDPL,8,HighLoad,A,2026-09-29 16:21:30.545000+00:00,2,55.0,7352.0,0.0,1,now okay?
PMUMUGJUDPL,9,LowLoad,B,2026-09-29 16:24:27.267000+00:00,14,53.0,20272.0,0.0,0,ok so I have to select courses so I can meet my credit requirements.
PMUMUGJUDPL,9,LowLoad,B,2026-09-29 16:24:58.205000+00:00,12,36.0,15349.0,0.0,0,"ok so enroll in math 215, and ds 310 and ds 400"
PMUMUGJUDPL,9,LowLoad,B,2026-09-29 16:25:30.422000+00:00,6,72.0,27869.0,0.0,1,do I need to do electives?
PMUMUGJUDPL,9,LowLoad,B,2026-09-29 16:26:11.415000+00:00,13,32.0,18707.0,2.0,1,"Oh i dont think I can keep my capstone, Its too many credits"
PMUMUGJUDPL,9,LowLoad,B,2026-09-29 16:26:26.312000+00:00,5,66.0,9452.0,0.0,1,remove all my major selections
PMUMUGJUDPL,9,LowLoad,B,2026-09-29 16:26:38.168000+00:00,6,52.0,7204.0,0.0,1,do ds 210 and ds 220
PMUMUGJUDPL,9,LowLoad,B,2026-09-29 16:27:12.441000+00:00,5,35.0,23493.0,0.0,1,add politics and add philosophy
PMUMUGJUDPL,9,LowLoad,B,2026-09-29 16:27:33.923000+00:00,10,71.0,12068.0,0.0,1,is there any overlap right now with my selected courses?
PMUMUGJUDPL,9,LowLoad,B,2026-09-29 16:27:44.915000+00:00,4,71.0,8298.0,0.0,1,so all good now?
PMUMUGJUDPL,10,HighLoad,B,2026-09-29 16:29:21.661000+00:00,8,20.0,31399.0,0.0,0,i have to take philosophy and economic policy?
PMUMUGJUDPL,10,HighLoad,B,2026-09-29 16:29:42.942000+00:00,6,55.0,15643.0,0.0,0,so i can drop them right?>
PMUMUGJUDPL,10,HighLoad,B,2026-09-29 16:30:44.944000+00:00,3,22.0,50956.0,2.0,1,drop economic policy
PMUMUGJUDPL,11,LowLoad,B,2026-09-29 16:32:07.332000+00:00,4,44.0,26606.0,0.0,0,add intro to philosophy
PMUMUGJUDPL,11,LowLoad,B,2026-09-29 16:32:27.916000+00:00,7,49.0,12762.0,0.0,1,as a minor can you add economics
PMUMUGJUDPL,11,LowLoad,B,2026-09-29 16:32:47.469000+00:00,4,70.0,15586.0,0.0,1,is there any conflicts?
PMUMUGJUDPL,12,HighLoad,B,2026-09-29 16:33:50.885000+00:00,4,62.0,21074.0,0.0,0,what was the conflict
PMUMUGJUDPL,12,HighLoad,B,2026-09-29 16:34:15.174000+00:00,2,36.0,21652.0,0.0,1,drop 250
PMUMUGJUDPL,12,HighLoad,B,2026-09-29 16:34:22.870000+00:00,2,48.0,5933.0,0.0,1,add 220
PMUMUGJUDPL,12,HighLoad,B,2026-09-29 16:34:42.727000+00:00,3,63.0,17574.0,0.0,1,no drop that
PMUMUGJUDPL,12,HighLoad,B,2026-09-29 16:35:00.439000+00:00,3,60.0,15325.0,0.0,1,intl 220 add
PMUMUGJUDPL,12,HighLoad,B,2026-09-29 16:35:28.033000+00:00,3,16.0,18484.0,2.0,1,drop  ds 210
PMUMUGJUDPL,12,HighLoad,B,2026-09-29 16:35:38.018000+00:00,2,48.0,6756.0,0.0,1,any problems?
PMUMUGJUDPL,12,HighLoad,B,2026-09-29 16:36:08.257000+00:00,4,51.0,25498.0,0.0,1,remopve phil add art
PMUMUGJUDPL,12,HighLoad,B,2026-09-29 16:36:24.651000+00:00,3,73.0,13755.0,0.0,1,add data science
PMUMUGJUDPL,12,HighLoad,B,2026-09-29 16:36:31.090000+00:00,2,18.0,401.0,0.0,1,remove ml
PMUMUGJUDPL,12,HighLoad,B,2026-09-29 16:36:37.730000+00:00,3,41.0,3732.0,0.0,1,add ds 210
PMUMURSLQW9,1,LowLoad,C,2026-09-29 15:54:00.087000+00:00,3,25.0,43153.0,0.0,0,add the cadences
PMUMURSLQW9,1,LowLoad,C,2026-09-29 15:54:28.190000+00:00,3,43.0,23105.0,1.0,1,drop robotics club
PMUMURSLQW9,1,LowLoad,C,2026-09-29 15:54:36.490000+00:00,4,44.0,606.0,3.0,1,add peer tutoring volunteers
PMUMURSLQW9,2,LowLoad,C,2026-09-29 15:56:15.889000+00:00,3,48.0,54510.0,0.0,0,drop chess club
PMUMURSLQW9,2,LowLoad,C,2026-09-29 15:56:33.846000+00:00,3,29.0,11012.0,0.0,1,drop the cadences
PMUMURSLQW9,2,LowLoad,C,2026-09-29 15:56:45.777000+00:00,4,26.0,1703.0,2.0,1,add rock climbing club
PMUMURSLQW9,3,HighLoad,C,2026-09-29 15:57:58.664000+00:00,4,45.0,25171.0,1.0,0,drop peer tutoring volunteera
PMUMURSLQW9,3,HighLoad,C,2026-09-29 15:58:46.614000+00:00,4,46.0,38909.0,1.0,1,remove international students mixer
PMUMURSLQW9,3,HighLoad,C,2026-09-29 15:58:54.544000+00:00,4,49.0,1768.0,0.0,1,add studio art collective
PMUMURSLQW9,4,HighLoad,C,2026-09-29 16:00:48.023000+00:00,4,38.0,21782.0,0.0,0,drop studio art collective
PMUMURSLQW9,4,HighLoad,C,2026-09-29 16:01:23.606000+00:00,3,19.0,25601.0,0.0,1,drop debate team
PMUMURSLQW9,4,HighLoad,C,2026-09-29 16:01:38.117000+00:00,3,29.0,7557.0,1.0,1,add robotics club
PMUMURSLQW9,4,HighLoad,C,2026-09-29 16:01:55.023000+00:00,6,46.0,7541.0,1.0,1,drop robotics club add peer tutoring
PMUMURSLQW9,5,LowLoad,B,2026-09-29 16:07:04.828000+00:00,2,13.0,26075.0,0.0,0,add ds210
PMUMURSLQW9,5,LowLoad,B,2026-09-29 16:07:37.837000+00:00,3,15.0,23104.0,13.0,1,add intl 250
PMUMURSLQW9,5,LowLoad,B,2026-09-29 16:07:47.247000+00:00,3,47.0,6613.0,0.0,1,add art 101
PMUMURSLQW9,5,LowLoad,B,2026-09-29 16:08:23.381000+00:00,6,23.0,22725.0,2.0,1,drop intl 250 add lang 202
PMUMURSLQW9,5,LowLoad,B,2026-09-29 16:09:12.246000+00:00,6,16.0,32005.0,2.0,1,drop ds 400 add ds 220
PMUMURSLQW9,6,LowLoad,B,2026-09-29 16:11:09.724000+00:00,36,45.0,37238.0,13.0,0,"what would be the optimal arrangement of courses taking into account that i need 8 from my major, 6 from my minor and 3 from electives? also take into account and tell me of any prerequisites"
PMUMURSLQW9,6,LowLoad,B,2026-09-29 16:11:57.484000+00:00,3,19.0,40157.0,0.0,0,add math 215
PMUMURSLQW9,6,LowLoad,B,2026-09-29 16:12:31.653000+00:00,3,9.0,16268.0,3.0,1,drop intl 220
PMUMURSLQW9,6,LowLoad,B,2026-09-29 16:12:45.294000+00:00,6,57.0,8186.0,0.0,1,drop intl 310 add intl 220
PMUMURSLQW9,6,LowLoad,B,2026-09-29 16:13:00.195000+00:00,3,33.0,10123.0,4.0,1,drop intl 301
PMUMURSLQW9,6,LowLoad,B,2026-09-29 16:13:19.862000+00:00,9,67.0,14456.0,0.0,1,it is in my plan i can see it
PMUMURSLQW9,6,LowLoad,B,2026-09-29 16:13:37.077000+00:00,7,48.0,5369.0,2.0,1,remove intl 301 - international economic policy
PMUMURSLQW9,6,LowLoad,B,2026-09-29 16:13:50.420000+00:00,6,50.0,6571.0,0.0,1,remove lang 202 and phil 110
PMUMURSLQW9,6,LowLoad,B,2026-09-29 16:14:23.374000+00:00,3,18.0,24467.0,0.0,1,drop math 215
PMUMURSLQW9,6,LowLoad,B,2026-09-29 16:15:01.332000+00:00,6,41.0,30425.0,2.0,1,drop intl 220 add lang 202
PMUMURSLQW9,7,HighLoad,B,2026-09-29 16:16:18.841000+00:00,3,59.0,38369.0,0.0,0,optimal course arrangement?
PMUMURSLQW9,7,HighLoad,B,2026-09-29 16:16:46.210000+00:00,6,26.0,15810.0,5.0,0,drop art 101 add econ 105
PMUMURSLQW9,7,HighLoad,B,2026-09-29 16:17:57.346000+00:00,11,21.0,41308.0,10.0,1,no drop econ 105 from electives and take it in minor
PMUMURSLQW9,7,HighLoad,B,2026-09-29 16:18:29.833000+00:00,3,63.0,30395.0,0.0,1,add art 101
PMUMURSLQW9,7,HighLoad,B,2026-09-29 16:18:45.610000+00:00,4,45.0,8303.0,4.0,1,anything else you recommend?
PMUMURSLQW9,8,HighLoad,B,2026-09-29 16:19:48.089000+00:00,9,59.0,18896.0,0.0,0,can i take ds 310 and intl 250 together
PMUMURSLQW9,8,HighLoad,B,2026-09-29 16:20:32.491000+00:00,18,38.0,16646.0,12.0,0,"which one should i drop and ehich opther courses should i take to meet credit req 
+ cap"
PMUMURSLQW9,8,HighLoad,B,2026-09-29 16:21:03.010000+00:00,6,39.0,22877.0,0.0,1,drop art 101 add phil 110
PMUMURSLQW9,8,HighLoad,B,2026-09-29 16:21:35.538000+00:00,6,27.0,21774.0,0.0,1,remove ds 210 and ds 310
PMUMURSLQW9,8,HighLoad,B,2026-09-29 16:21:44.754000+00:00,9,55.0,468.0,0.0,1,can i take ds 310 and math 215 together?
PMUMURSLQW9,8,HighLoad,B,2026-09-29 16:21:58.955000+00:00,9,55.0,6612.0,3.0,1,so can i take them in the same sem?
PMUMURSLQW9,8,HighLoad,B,2026-09-29 16:22:14.995000+00:00,6,53.0,11027.0,0.0,1,drop ds 220 add ds 310
PMUMURSLQW9,9,LowLoad,A,2026-09-29 16:25:39.538000+00:00,18,69.0,21414.0,1.0,0,is there a minimum requirement of hours i need to meet for any of these courses and projecT?
PMUMURSLQW9,9,LowLoad,A,2026-09-29 16:26:05.136000+00:00,2,22.0,19725.0,2.0,1,add buffer?
PMUMURSLQW9,9,LowLoad,A,2026-09-29 16:26:27.824000+00:00,6,49.0,17110.0,1.0,1,add 2 hours to chem 210
PMUMURSLQW9,10,LowLoad,A,2026-09-29 16:27:47.705000+00:00,20,47.0,21772.0,4.0,0,how much time do you reckon i'll need for the chem midterm? also how long to prep for review session?
PMUMURSLQW9,10,LowLoad,A,2026-09-29 16:28:13.131000+00:00,6,45.0,19332.0,0.0,1,add 2 hours to chem 210
PMUMURSLQW9,10,LowLoad,A,2026-09-29 16:28:28.447000+00:00,8,37.0,688.0,3.0,1,anything else that needs more done this week?
PMUMURSLQW9,10,LowLoad,A,2026-09-29 16:29:20.315000+00:00,15,55.0,35934.0,2.0,1,remove 2 hours from chem 210 and add to the midterm review session for it
PMUMURSLQW9,11,HighLoad,A,2026-09-29 16:30:21.904000+00:00,11,39.0,14976.0,2.0,0,how many hours for cs301? i was thinking opf adding 3
PMUMURSLQW9,11,HighLoad,A,2026-09-29 16:30:37.766000+00:00,6,72.0,12342.0,0.0,1,add 3 more to it then
PMUMURSLQW9,11,HighLoad,A,2026-09-29 16:30:52.392000+00:00,8,57.0,6872.0,2.0,1,do the other still need as much time?
PMUMURSLQW9,11,HighLoad,A,2026-09-29 16:31:18.944000+00:00,7,27.0,12940.0,1.0,1,"reduce stat to 3, capstone to 4"
PMUMURSLQW9,12,HighLoad,A,2026-09-29 16:32:44.523000+00:00,9,17.0,17795.0,3.0,0,how many extra hours for capstone? and eng 105
PMUMURSLQW9,12,HighLoad,A,2026-09-29 16:33:10.857000+00:00,5,44.0,21929.0,1.0,1,add 5 to eng 105
PMUMURSLQW9,12,HighLoad,A,2026-09-29 16:33:47.088000+00:00,12,67.0,25524.0,1.0,1,does the capstone need more time? add how much ever it needs
PMUMURSLQW9,12,HighLoad,A,2026-09-29 16:34:13.557000+00:00,9,68.0,17828.0,0.0,1,does stats also need more time? add what's needed
